scan_date,scan_ts,scan_type,direction,symbol,price,ivr,ivr_regime,ivr_is_proxy,trend_signal,trend_score,rsi,ret1m,ret3m,rv,vol_rank,atr_pct,ret5,vol_ratio,ignition,entry_score,verdict,flags
2026-06-30,2026-07-01T06:47:59+08:00,momentum,call,AMZN,238.33999633789065,,,,,,45.86922483830775,,,0.3796769610701011,68.10204193017903,3.62234546792337,1.806841107390112,1.5993502799931387,3.0,,call,ATR3.6%+1 vol1.6x+2
2026-06-30,2026-07-01T06:47:59+08:00,momentum,call,ANET,169.8800048828125,,,,,,62.99501549154433,,,0.5937208024300323,69.67423349029795,4.921919132577722,4.734900172051781,0.8401056946762743,5.0,,call,ATR4.9%+2 5d+5%+1 nrHi+1 RSImom+1
2026-06-30,2026-07-01T06:47:59+08:00,momentum,call,ASML,1989.43994140625,,,,,,60.85297362714891,,,0.7116068293924472,100.0,4.885761826771523,11.863071708262328,1.184291464442854,8.0,,call,ATR4.9%+2 vol1.2x+1 5d+12%+2 @20dHi+2 RSImom+1
2026-06-30,2026-07-01T06:47:59+08:00,momentum,call,AXP,338.25,,,,,,71.75386029952236,,,0.2674468318885828,39.93215857851607,2.3260052737055883,0.1391441833150652,1.1011981636285628,4.0,,call,vol1.1x+1 @20dHi+2 RSImom+1
2026-06-30,2026-07-01T06:47:59+08:00,momentum,call,BKNG,178.24000549316406,,,,,,63.22138077216461,,,0.4162163523682379,60.4657712845559,3.791436814510681,5.504914713721143,1.259145267991069,6.0,,call,ATR3.8%+1 vol1.3x+1 5d+6%+2 nrHi+1 RSImom+1
2026-06-30,2026-07-01T06:47:59+08:00,momentum,call,CAT,1064.9000244140625,,,,,,66.23993730186584,,,0.5569066512710175,99.93909028887468,4.001917887455737,8.195159207103565,1.5742085014971436,9.0,,call,ATR4.0%+2 vol1.6x+2 5d+8%+2 @20dHi+2 RSImom+1
2026-06-30,2026-07-01T06:47:59+08:00,momentum,call,COHR,394.4700012207031,,,,,,57.6221551191103,,,1.1615325027197914,99.1659769240039,9.07491649909273,3.4756833213294813,0.9994198000472464,4.0,,call,ATR9.1%+2 5d+3%+1 RSImom+1
2026-06-30,2026-07-01T06:47:59+08:00,momentum,call,DELL,431.4599914550781,,,,,,64.41335944638443,,,0.6132687957282931,33.18747284948223,6.949163448298656,0.860253561709845,0.9586894533350452,5.0,,call,ATR6.9%+2 @20dHi+2 RSImom+1
2026-06-30,2026-07-01T06:47:59+08:00,momentum,call,HIMS,34.66999816894531,,,,,,65.10886677143074,,,0.816977291856254,32.80747775074301,7.916067429025627,5.18810416253388,0.7956343434301066,6.0,,call,ATR7.9%+2 5d+5%+2 nrHi+1 RSImom+1
2026-06-30,2026-07-01T06:47:59+08:00,momentum,call,LLY,1199.4300537109375,,,,,,60.64636039517473,,,0.3510849757555759,36.725291577194646,3.0963221536828733,8.34177307169024,1.0324689131789129,5.0,,call,ATR3.1%+1 5d+8%+2 nrHi+1 RSImom+1
2026-06-30,2026-07-01T06:47:59+08:00,momentum,call,MA,513.5999755859375,,,,,,61.29429521885724,,,0.2620322235050261,63.25653424865087,2.1243590858402674,5.23080047505553,1.1642225371987505,6.0,,call,vol1.2x+1 5d+5%+2 @20dHi+2 RSImom+1
2026-06-30,2026-07-01T06:47:59+08:00,momentum,call,META,563.2899780273438,,,,,,43.00528833280342,,,0.4199221108230484,67.39329601035877,3.31636145292466,0.1938750972333869,1.003925509244276,1.0,,call,ATR3.3%+1
2026-06-30,2026-07-01T06:47:59+08:00,momentum,call,MRVL,297.8900146484375,,,,,,57.08735559004522,,,1.5745152805900289,99.97718132441328,9.063671815201843,6.75530587954416,1.3903696057051247,7.0,,call,ATR9.1%+2 vol1.4x+2 5d+7%+2 RSImom+1
2026-06-30,2026-07-01T06:47:59+08:00,momentum,call,MU,1154.2900390625,,,,,,61.40350743008525,,,1.2803537639085891,96.23508187621309,8.886725867122008,9.747379905061448,1.1435857994010703,6.0,,call,ATR8.9%+2 vol1.1x+1 5d+10%+2 RSImom+1
2026-06-30,2026-07-01T06:47:59+08:00,momentum,call,NBIS,276.1700134277344,,,,,,66.91412200032048,,,0.9148792082364912,33.47115283248278,9.779869923287174,0.3342464769243936,1.0307209143236042,4.0,,call,ATR9.8%+2 nrHi+1 RSImom+1
2026-06-30,2026-07-01T06:47:59+08:00,momentum,call,NVDA,200.08999633789065,,,,,,43.17722040255841,,,0.4238991016322226,78.00149784125892,3.1703601130063133,0.0249965274125463,0.9621666969883932,1.0,,call,ATR3.2%+1
2026-06-30,2026-07-01T06:47:59+08:00,momentum,call,NVO,47.93999862670898,,,,,,85.10380734043237,,,0.3945000815879462,20.281635237638145,2.799332310874396,1.0965847276312557,0.8286424304330486,2.0,,call,ATR2.8%+1 @20dHi+2 RSIexh-1
2026-06-30,2026-06-30T23:24:04+08:00,momentum,call,PLTR,116.9800033569336,,,,,,34.81586206970675,,,0.5517735669828595,54.13320559963789,4.920560559884954,0.2399369460271749,1.0558584143191925,2.0,,call,ATR4.9%+2
2026-06-30,2026-07-01T06:47:59+08:00,momentum,call,QQQ,736.4000244140625,,,,,,58.21480948937933,,,0.340040303261757,100.0,2.4089167539801304,3.187837066029497,1.0754044534918463,4.0,,call,5d+3%+1 @20dHi+2 RSImom+1
2026-06-30,2026-07-01T06:47:59+08:00,momentum,call,RCL,317.5299987792969,,,,,,66.04785445323458,,,0.5257248917417237,56.02075932214701,4.686396738457596,2.5845637035343483,1.0264876592506798,5.0,,call,ATR4.7%+2 5d+3%+1 nrHi+1 RSImom+1
2026-06-30,2026-07-01T06:47:59+08:00,momentum,call,SPY,746.77001953125,,,,,,55.80216361062814,,,0.1832759644123822,85.89771637021255,1.512517257244154,1.7980318621180214,1.1871852741066595,4.0,,call,vol1.2x+1 @20dHi+2 RSImom+1
2026-06-30,2026-07-01T06:47:59+08:00,momentum,call,TSLA,420.6000061035156,,,,,,58.334501224637705,,,0.5636162763323588,54.26917705226012,4.15511766935097,10.217243323974646,0.8852795262127366,7.0,,call,ATR4.2%+2 5d+10%+2 @20dHi+2 RSImom+1
2026-06-30,2026-07-01T06:47:59+08:00,momentum,call,TSM,477.5700073242188,,,,,,62.690352380142606,,,0.6052070318240628,100.0,4.138552214054814,9.436511215536523,1.1093003115856912,8.0,,call,ATR4.1%+2 vol1.1x+1 5d+9%+2 @20dHi+2 RSImom+1
2026-06-30,2026-07-01T06:47:59+08:00,momentum,call,V,343.0899963378906,,,,,,69.39784591980248,,,0.2163050764089319,40.67315709836819,2.045797753603392,4.447754768301748,1.30152551814363,6.0,,call,vol1.3x+2 5d+4%+1 @20dHi+2 RSImom+1
2026-06-30,2026-07-01T06:47:59+08:00,momentum,call,VRT,334.82000732421875,,,,,,60.62815155493394,,,0.8435731193666569,84.01716405155436,6.572045000590763,5.183463062437754,1.2754968086256016,6.0,,call,ATR6.6%+2 vol1.3x+1 5d+5%+2 RSImom+1
2026-06-30,2026-06-30T23:24:04+08:00,momentum,call,VST,163.8350067138672,,,,,,66.59849987577611,,,0.4411369736198147,23.75916690489142,4.289944880920594,0.8898376314119716,0.884496517305842,4.0,,call,ATR4.3%+2 nrHi+1 RSImom+1
2026-06-30,2026-07-01T06:47:59+08:00,momentum,put,AAPL,289.3599853515625,,,,,,49.07306247379216,,,0.3578222275286454,100.0,2.883335887614213,-1.6785601924256266,1.4680459606618683,3.0,,put,ATR2.9%+1 vol1.5x+2
2026-06-30,2026-07-01T06:47:59+08:00,momentum,put,AVGO,377.75,,,,,,45.76622706906596,,,0.7476259453377592,95.13167444230116,4.339118882909736,-0.6313281428429796,1.1727838336910898,4.0,,put,ATR4.3%+2 vol1.2x+1 nrLo+1
2026-06-30,2026-06-30T23:24:04+08:00,momentum,put,AXP,337.75,,,,,,70.9767995240928,,,0.2683433242661114,40.21463523434035,2.3140527209507504,-0.0088811591584136,1.0581397954078606,0.0,,put,
2026-06-30,2026-07-01T06:47:59+08:00,momentum,put,CEG,248.3699951171875,,,,,,47.74848962217512,,,0.3711222149183489,38.74211477228705,3.902241483938704,-8.099612912550757,1.029017628665604,4.0,,put,ATR3.9%+1 5d-8%+2 nrLo+1
2026-06-30,2026-07-01T06:47:59+08:00,momentum,put,COIN,146.19000244140625,,,,,,42.649609964552745,,,0.6521484721024894,32.94468078576923,6.798883905925473,-7.579966360822055,0.9101782344665956,6.0,,put,ATR6.8%+2 5d-8%+2 nrLo+1 RSImom+1
2026-06-30,2026-07-01T06:47:59+08:00,momentum,put,CRDO,271.95001220703125,,,,,,58.00536105862469,,,1.1125047310895846,94.08671628818782,10.632390110192237,-0.0202175234992219,1.335325335808461,4.0,,put,ATR10.6%+2 vol1.3x+2
2026-06-30,2026-07-01T06:47:59+08:00,momentum,put,FCX,62.88999938964844,,,,,,47.04604515926116,,,0.6210337320871004,65.04248345598941,4.446880069271984,-2.3447237584671154,1.0414923948294694,4.0,,put,ATR4.4%+2 5d-2%+1 nrLo+1
2026-06-30,2026-07-01T06:47:59+08:00,momentum,put,GS,1011.3699951171876,,,,,,45.64850487565723,,,0.3895319444122346,83.33995327403017,3.1695327579568806,-7.590178606084641,1.1610553511184605,6.0,,put,ATR3.2%+1 vol1.2x+1 5d-8%+2 @20dLo+2
2026-06-30,2026-07-01T06:47:59+08:00,momentum,put,HLT,330.4599914550781,,,,,,34.027941573051805,,,0.169858172985369,16.415630133559706,2.622534599164262,-3.8885483056543713,1.7068582124465514,7.0,,put,ATR2.6%+1 vol1.7x+2 5d-4%+1 @20dLo+2 RSImom+1
2026-06-30,2026-07-01T06:47:59+08:00,momentum,put,MAR,370.5899963378906,,,,,,32.04369202672406,,,0.2273161049075546,29.50847604563324,2.733478038697056,-4.198224232376335,1.250686240587325,6.0,,put,ATR2.7%+1 vol1.3x+1 5d-4%+1 @20dLo+2 RSImom+1
2026-06-30,2026-06-30T23:24:04+08:00,momentum,put,META,553.635009765625,,,,,,40.29331714702245,,,0.4220121402351312,67.3013389546387,3.337100174293237,-1.5234795900808673,0.9462541819130031,3.0,,put,ATR3.3%+1 nrLo+1 RSImom+1
2026-06-30,2026-07-01T06:47:59+08:00,momentum,put,MPWR,1382.3599853515625,,,,,,41.97162732392643,,,0.9101891822913284,100.0,7.454852022234728,-2.9077951431489946,1.720322426243272,6.0,,put,ATR7.5%+2 vol1.7x+2 5d-3%+1 RSImom+1
2026-06-30,2026-07-01T06:47:59+08:00,momentum,put,MSFT,373.0199890136719,,,,,,36.50412674319325,,,0.3852965106528329,71.52970489092905,3.470705799395392,-0.2460323639428052,1.4967958605293863,4.0,,put,ATR3.5%+1 vol1.5x+2 RSImom+1
2026-06-30,2026-07-01T06:47:59+08:00,momentum,put,NFLX,71.4000015258789,,,,,,25.597248803605268,,,0.3465388316789687,43.00303633172656,3.6044408143167983,-1.9500112261690128,1.4768448914431245,5.0,,put,ATR3.6%+1 vol1.5x+2 @20dLo+2
2026-06-30,2026-07-01T06:47:59+08:00,momentum,put,NUE,222.75,,,,,,31.210561169759657,,,0.4028783981189838,73.95135021357112,4.08802115039908,-7.044195025187861,1.3741357274727797,9.0,,put,ATR4.1%+2 vol1.4x+2 5d-7%+2 @20dLo+2 RSImom+1
2026-06-30,2026-06-30T23:24:04+08:00,momentum,put,NVDA,197.4900054931641,,,,,,40.574354976376576,,,0.4133845246161257,72.16623545795447,3.15531082125855,-1.2747389914782192,0.8998411232556075,3.0,,put,ATR3.2%+1 nrLo+1 RSImom+1
2026-06-30,2026-07-01T06:47:59+08:00,momentum,put,NVTS,17.920000076293945,,,,,,35.051546987974106,,,1.3716517555519725,64.37928747916935,11.96906877793616,-16.261680393783717,0.6199494984966406,6.0,,put,ATR12.0%+2 5d-16%+2 nrLo+1 RSImom+1
2026-06-30,2026-07-01T06:47:59+08:00,momentum,put,PLTR,116.66999816894533,,,,,,34.406639455479606,,,0.5501380395634651,59.15298066510736,5.035876903950565,-0.0257058955281497,1.100288716034491,4.0,,put,ATR5.0%+2 vol1.1x+1 RSImom+1
2026-06-30,2026-07-01T06:47:59+08:00,momentum,put,SMCI,29.32999992370605,,,,,,33.93922128274055,,,1.586726453755265,93.75965976170804,11.304830107037924,-11.974789338722449,1.2006031218507784,6.0,,put,ATR11.3%+2 vol1.2x+1 5d-12%+2 RSImom+1
2026-06-30,2026-07-01T06:47:59+08:00,momentum,put,STX,965.0,,,,,,59.37848568659578,,,0.8821547455138339,83.08235319761094,8.923145894112098,-7.019316596775815,1.3435550267107434,6.0,,put,ATR8.9%+2 vol1.3x+2 5d-7%+2
2026-06-30,2026-07-01T06:47:59+08:00,momentum,put,VST,158.6300048828125,,,,,,61.268366061500224,,,0.450106365433336,34.76791690759005,4.581474198246129,-2.315410136688268,0.9290203062346748,3.0,,put,ATR4.6%+2 5d-2%+1
2026-06-30,2026-07-01T06:47:59+08:00,momentum,put,WDC,638.719970703125,,,,,,60.33728689810999,,,1.168814985735234,100.0,10.178055480640683,-4.775255951826319,1.6061846527471229,5.0,,put,ATR10.2%+2 vol1.6x+2 5d-5%+1
2026-06-30,2026-07-01T06:46:50+08:00,swing,bearish,AAPL,289.3599853515625,100.0,high,1.0,weak,1.0,49.07306247379216,-5.533613771058487,14.12056914241986,,,,,,,11.0,SKIP,IVR-HIGH-2
2026-06-30,2026-07-01T06:46:50+08:00,swing,bearish,AMZN,238.33999633789065,70.32478543269714,high,1.0,weak,1.0,45.86922483830775,-8.77287474967784,14.437985042767764,,,,,,,11.0,SKIP,IVR-HIGH-2
2026-06-30,2026-07-01T06:46:50+08:00,swing,bearish,ANET,169.8800048828125,68.8517757538436,high,1.0,strong,9.0,62.99501549154433,-0.4687062498815453,38.36130198061023,,,,,,,3.0,SKIP,IVR-HIGH-2
2026-06-30,2026-07-01T06:46:50+08:00,swing,bearish,ASML,1989.43994140625,100.0,high,1.0,strong,14.0,60.85297362714891,22.15870407896714,50.94942814243335,,,,,,,-2.0,SKIP,IVR-HIGH-2
2026-06-30,2026-07-01T06:46:50+08:00,swing,bearish,AVGO,377.75,95.34834291912703,high,1.0,neutral,3.0,45.76622706906596,-17.745101166363643,22.24090899484672,,,,,,,10.0,SKIP,struct-down+1 IVR-HIGH-2
2026-06-30,2026-07-01T06:46:50+08:00,swing,bearish,AXP,338.25,40.267927198201406,medium,1.0,moderate,7.0,71.75386029952236,7.880969184683129,12.179096676875067,,,,,,,8.0,WATCH,RSI-ext+1 struct-down+1 IVR-MED-1
2026-06-30,2026-07-01T06:46:50+08:00,swing,bearish,BKNG,178.24000549316406,59.74477359591638,high,1.0,moderate,8.0,63.22138077216461,5.576423247220097,6.101254706876591,,,,,,,4.0,SKIP,IVR-HIGH-2
2026-06-30,2026-07-01T06:46:50+08:00,swing,bearish,CAT,1064.9000244140625,99.80064438809003,high,1.0,strong,13.0,66.23993730186584,23.05861634929127,50.59810434779155,,,,,,,1.0,SKIP,RSI-ext+1 struct-down+1 IVR-HIGH-2
2026-06-30,2026-07-01T06:46:50+08:00,swing,bearish,CEG,248.3699951171875,24.633398892598034,low,1.0,weak,0.0,47.74848962217512,-6.522399809428814,-10.920004653978555,,,,,,,15.0,TRADE,struct-down+1
2026-06-30,2026-07-01T06:46:50+08:00,swing,bearish,COHR,394.4700012207031,98.18912861504909,high,1.0,strong,9.0,57.6221551191103,8.699368381147998,65.59757781062999,,,,,,,4.0,SKIP,struct-down+1 IVR-HIGH-2
2026-06-30,2026-07-01T06:46:50+08:00,swing,bearish,COIN,146.19000244140625,30.636997747046586,medium,1.0,weak,0.0,42.649609964552745,-19.944142186745484,-16.27627173105941,,,,,,,14.0,OVERRIDE,struct-down+1 IVR-MED-1
2026-06-30,2026-07-01T06:46:50+08:00,swing,bearish,CRDO,271.95001220703125,86.10161291789554,high,1.0,strong,14.0,58.00536105862469,20.278639922956955,189.70917678697248,,,,,,,-2.0,SKIP,IVR-HIGH-2
2026-06-30,2026-07-01T06:46:50+08:00,swing,bearish,DELL,431.4599914550781,38.74112500120901,medium,1.0,strong,11.0,64.41335944638443,-7.404069154578064,163.6903474647833,,,,,,,2.0,WATCH,IVR-MED-1
2026-06-30,2026-07-01T06:46:50+08:00,swing,bearish,FCX,62.88999938964844,63.75693697841801,high,1.0,weak,1.0,47.04604515926116,-6.190336320412715,7.2277674185879714,,,,,,,11.0,OVERRIDE,IVR-HIGH-2
2026-06-30,2026-07-01T06:46:50+08:00,swing,bearish,GS,1011.3699951171876,81.64994109618102,high,1.0,moderate,8.0,45.64850487565723,-3.5486050179238227,20.07557166616148,,,,,,,4.0,SKIP,IVR-HIGH-2
2026-06-30,2026-07-01T06:46:50+08:00,swing,bearish,HIMS,34.66999816894531,36.53572044908529,medium,1.0,strong,11.0,65.10886677143074,24.89192320997977,67.00384290319774,,,,,,,4.0,WATCH,RSI-ext+1 struct-down+1 IVR-MED-1
2026-06-30,2026-07-01T06:46:50+08:00,swing,bearish,HLT,330.4599914550781,0.0,low,1.0,neutral,3.0,34.027941573051805,-0.6583503627202059,8.725882984442324,,,,,,,10.0,TRADE,RSI-OS-1
2026-06-30,2026-07-01T06:46:50+08:00,swing,bearish,LLY,1199.4300537109375,40.944408224499576,medium,1.0,strong,12.0,60.64636039517473,10.832573260802514,30.62990972383235,,,,,,,1.0,WATCH,IVR-MED-1
2026-06-30,2026-07-01T06:46:50+08:00,swing,bearish,MA,513.5999755859375,55.14549568170504,high,1.0,moderate,8.0,61.29429521885724,3.7051944646012025,2.9665328440514616,,,,,,,4.0,SKIP,IVR-HIGH-2
2026-06-30,2026-07-01T06:46:50+08:00,swing,bearish,MAR,370.5899963378906,14.537869518523866,low,1.0,weak,2.0,32.04369202672406,-1.689833208187186,13.529666332813427,,,,,,,11.0,TRADE,RSI-OS-1
2026-06-30,2026-07-01T06:46:50+08:00,swing,bearish,META,563.2899780273438,75.68447152297625,high,1.0,weak,0.0,43.00528833280342,-6.10486937111544,-1.4538555816500764,,,,,,,12.0,SKIP,IVR-HIGH-2
2026-06-30,2026-07-01T06:46:50+08:00,swing,bearish,MPWR,1382.3599853515625,100.0,high,1.0,neutral,4.0,41.97162732392643,-10.3754580733169,26.43343999808858,,,,,,,9.0,SKIP,struct-down+1 IVR-HIGH-2
2026-06-30,2026-07-01T06:46:50+08:00,swing,bearish,MRVL,297.8900146484375,100.0,high,1.0,strong,13.0,57.08735559004522,35.75628883540312,200.89765975919272,,,,,,,-1.0,SKIP,IVR-HIGH-2
2026-06-30,2026-07-01T06:46:50+08:00,swing,bearish,MSFT,373.0199890136719,73.5868917888974,high,1.0,weak,2.0,36.50412674319325,-19.00026102827912,0.988167405239926,,,,,,,9.0,SKIP,RSI-OS-1 IVR-HIGH-2
2026-06-30,2026-07-01T06:46:50+08:00,swing,bearish,MU,1154.2900390625,96.629223546793,high,1.0,strong,14.0,61.40350743008525,11.471756548768708,241.6676685930452,,,,,,,-2.0,SKIP,IVR-HIGH-2
2026-06-30,2026-07-01T06:46:50+08:00,swing,bearish,NBIS,276.1700134277344,58.895963611009904,high,1.0,strong,11.0,66.91412200032048,4.408152142310606,166.1623050712164,,,,,,,2.0,SKIP,RSI-ext+1 IVR-HIGH-2
2026-06-30,2026-07-01T06:46:50+08:00,swing,bearish,NFLX,71.4000015258789,42.48629923478658,medium,1.0,weak,1.0,25.597248803605268,-16.83167991272364,-25.74102923268129,,,,,,,12.0,OVERRIDE,RSI-OS-1 struct-down+1 IVR-MED-1
2026-06-30,2026-07-01T06:46:50+08:00,swing,bearish,NUE,222.75,99.60678233269252,high,1.0,neutral,5.0,31.210561169759657,-11.427891711563564,31.72678412775585,,,,,,,6.0,SKIP,RSI-OS-1 IVR-HIGH-2
2026-06-30,2026-07-01T06:46:50+08:00,swing,bearish,NVDA,200.08999633789065,100.0,high,1.0,weak,0.0,43.17722040255841,-10.71349684813442,14.864219384201704,,,,,,,12.0,SKIP,IVR-HIGH-2
2026-06-30,2026-07-01T06:46:50+08:00,swing,bearish,NVO,47.93999862670898,24.51234125591812,low,1.0,moderate,7.0,85.10380734043237,8.78148163985415,30.448975854990422,,,,,,,8.0,TRADE,RSI-ext+1
2026-06-30,2026-07-01T06:46:50+08:00,swing,bearish,NVTS,17.920000076293945,54.1516177912197,high,1.0,neutral,3.0,35.051546987974106,-27.916332919025923,104.33294345418427,,,,,,,7.0,SKIP,RSI-OS-1 1M-crash-1 IVR-HIGH-2
2026-06-30,2026-07-01T06:46:50+08:00,swing,bearish,PLTR,116.66999816894533,55.21555116942479,high,1.0,weak,2.0,34.406639455479606,-27.37628222748505,-20.24200222685693,,,,,,,8.0,OVERRIDE,RSI-OS-1 1M-crash-1 IVR-HIGH-2
2026-06-30,2026-07-01T06:46:50+08:00,swing,bearish,QQQ,736.4000244140625,100.0,high,1.0,moderate,8.0,58.21480948937933,-0.7446386853765863,27.7260670394752,,,,,,,5.0,SKIP,struct-down+1 IVR-HIGH-2
2026-06-30,2026-07-01T06:46:50+08:00,swing,bearish,RCL,317.5299987792969,46.24722480479502,medium,1.0,strong,10.0,66.04785445323458,10.42254827526703,15.98821972165474,,,,,,,4.0,WATCH,RSI-ext+1 IVR-MED-1
2026-06-30,2026-07-01T06:46:50+08:00,swing,bearish,SMCI,29.32999992370605,92.67055370015947,high,1.0,neutral,3.0,33.93922128274055,-37.43600841414136,28.80983458085826,,,,,,,8.0,SKIP,RSI-OS-1 1M-crash-1 struct-down+1 IVR-HIGH-2
2026-06-30,2026-07-01T06:46:50+08:00,swing,bearish,SPY,746.77001953125,82.82906964020162,high,1.0,moderate,7.0,55.80216361062814,-1.2980332985263576,15.12345321807702,,,,,,,6.0,SKIP,struct-down+1 IVR-HIGH-2
2026-06-30,2026-07-01T06:46:50+08:00,swing,bearish,STX,965.0,71.29933382126309,high,1.0,strong,12.0,59.37848568659578,4.822534309600313,146.49991483503527,,,,,,,0.0,SKIP,IVR-HIGH-2
2026-06-30,2026-07-01T06:46:50+08:00,swing,bearish,TSLA,420.6000061035156,100.0,high,1.0,moderate,6.0,58.334501224637705,1.134943052151094,13.140553087697548,,,,,,,7.0,SKIP,struct-down+1 IVR-HIGH-2
2026-06-30,2026-07-01T06:46:50+08:00,swing,bearish,TSM,477.5700073242188,100.0,high,1.0,strong,12.0,62.690352380142606,9.884166365139093,41.644737503092166,,,,,,,0.0,SKIP,IVR-HIGH-2
2026-06-30,2026-07-01T06:46:50+08:00,swing,bearish,V,343.0899963378906,39.0577052368927,medium,1.0,strong,9.0,69.39784591980248,6.295507022295688,13.75107997714531,,,,,,,5.0,WATCH,RSI-ext+1 IVR-MED-1
2026-06-30,2026-07-01T06:46:50+08:00,swing,bearish,VRT,334.82000732421875,78.1238874917746,high,1.0,strong,11.0,60.62815155493394,3.555967923402781,33.64580830454737,,,,,,,2.0,SKIP,struct-down+1 IVR-HIGH-2
2026-06-30,2026-07-01T06:46:50+08:00,swing,bearish,VST,158.6300048828125,28.617982094033707,low,1.0,moderate,7.0,61.268366061500224,2.6442000808241106,5.668966093458305,,,,,,,7.0,TRADE,
2026-06-30,2026-07-01T06:46:50+08:00,swing,bearish,WDC,638.719970703125,100.0,high,1.0,strong,14.0,60.33728689810999,16.969336311594297,136.1959782447022,,,,,,,-2.0,SKIP,IVR-HIGH-2
2026-06-30,2026-07-01T06:44:33+08:00,swing,bullish,AAPL,289.3599853515625,100.0,high,1.0,weak,1.0,49.07306247379216,-5.533613771058487,14.12056914241986,,,,,,,0.0,SKIP,RSI-reset+1 IVR-HIGH-2
2026-06-30,2026-07-01T06:44:33+08:00,swing,bullish,AMZN,238.33999633789065,70.32478543269714,high,1.0,weak,1.0,45.86922483830775,-8.77287474967784,14.437985042767764,,,,,,,0.0,SKIP,RSI-reset+1 IVR-HIGH-2
2026-06-30,2026-07-01T06:44:33+08:00,swing,bullish,ANET,169.8800048828125,68.8517757538436,high,1.0,strong,9.0,62.99501549154433,-0.4687062498815453,38.36130198061023,,,,,,,7.0,OVERRIDE,IVR-HIGH-2
2026-06-30,2026-07-01T06:44:33+08:00,swing,bullish,ASML,1989.43994140625,100.0,high,1.0,strong,14.0,60.85297362714891,22.15870407896714,50.94942814243335,,,,,,,12.0,SKIP,IVR-HIGH-2
2026-06-30,2026-07-01T06:44:33+08:00,swing,bullish,AVGO,377.75,95.34834414312816,high,1.0,neutral,3.0,45.76622706906596,-17.745101166363643,22.24090899484672,,,,,,,4.0,SKIP,HL-zone+2 RSI-reset+1 IVR-HIGH-2
2026-06-30,2026-07-01T06:44:33+08:00,swing,bullish,AXP,338.25,40.26792719820138,medium,1.0,moderate,7.0,71.75386029952236,7.880969184683129,12.179096676875067,,,,,,,5.0,OVERRIDE,RSI-ext-1 IVR-MED-1
2026-06-30,2026-07-01T06:44:33+08:00,swing,bullish,BKNG,178.24000549316406,59.74483588311249,high,1.0,moderate,8.0,63.22138077216461,5.576423247220097,6.101254706876591,,,,,,,6.0,SKIP,IVR-HIGH-2
2026-06-30,2026-07-01T06:44:33+08:00,swing,bullish,CAT,1064.9000244140625,99.80064415468024,high,1.0,strong,13.0,66.23993730186584,23.05861634929127,50.59810434779155,,,,,,,10.0,SKIP,RSI-ext-1 IVR-HIGH-2
2026-06-30,2026-07-01T06:44:33+08:00,swing,bullish,CEG,248.3699951171875,24.633429830998,low,1.0,weak,0.0,47.74848962217512,-6.522399809428814,-10.920004653978555,,,,,,,3.0,TRADE,HL-zone+2 RSI-reset+1
2026-06-30,2026-07-01T06:44:33+08:00,swing,bullish,COHR,394.4700012207031,98.18912861504909,high,1.0,strong,9.0,57.6221551191103,8.699368381147998,65.59757781062999,,,,,,,7.0,SKIP,IVR-HIGH-2
2026-06-30,2026-07-01T06:44:33+08:00,swing,bullish,COIN,146.19000244140625,30.636997747046586,medium,1.0,weak,0.0,42.649609964552745,-19.944142186745484,-16.27627173105941,,,,,,,0.0,WATCH,RSI-reset+1 IVR-MED-1
2026-06-30,2026-07-01T06:44:33+08:00,swing,bullish,CRDO,271.95001220703125,86.10161291789554,high,1.0,strong,14.0,58.00536105862469,20.278639922956955,189.70917678697248,,,,,,,12.0,SKIP,IVR-HIGH-2
2026-06-30,2026-07-01T06:44:33+08:00,swing,bullish,DELL,431.4599914550781,38.74112500120901,medium,1.0,strong,11.0,64.41335944638443,-7.404069154578064,163.6903474647833,,,,,,,10.0,OVERRIDE,IVR-MED-1
2026-06-30,2026-07-01T06:44:33+08:00,swing,bullish,FCX,62.88999938964844,63.75692709003668,high,1.0,weak,1.0,47.04604515926116,-6.190336320412715,7.2277674185879714,,,,,,,2.0,SKIP,HL-zone+2 RSI-reset+1 IVR-HIGH-2
2026-06-30,2026-07-01T06:44:33+08:00,swing,bullish,GS,1011.3699951171876,81.64993898421149,high,1.0,moderate,8.0,45.64850487565723,-3.5486050179238227,20.07557166616148,,,,,,,9.0,SKIP,HL-zone+2 RSI-reset+1 IVR-HIGH-2
2026-06-30,2026-07-01T06:44:33+08:00,swing,bullish,HIMS,34.66999816894531,36.53572044908529,medium,1.0,strong,11.0,65.10886677143074,24.89192320997977,67.00384290319774,,,,,,,9.0,OVERRIDE,RSI-ext-1 IVR-MED-1
2026-06-30,2026-07-01T06:44:33+08:00,swing,bullish,HLT,330.4599914550781,0.0,low,1.0,neutral,3.0,34.027941573051805,-0.6583503627202059,8.725882984442324,,,,,,,4.0,TRADE,RSI-reset+1
2026-06-30,2026-07-01T06:44:33+08:00,swing,bullish,LLY,1199.4300537109375,40.9444322403636,medium,1.0,strong,12.0,60.64636039517473,10.832573260802514,30.62990972383235,,,,,,,11.0,OVERRIDE,IVR-MED-1
2026-06-30,2026-07-01T06:44:33+08:00,swing,bullish,MA,513.5999755859375,55.14549568170512,high,1.0,moderate,8.0,61.29429521885724,3.7051944646012025,2.9665328440514616,,,,,,,6.0,SKIP,IVR-HIGH-2
2026-06-30,2026-07-01T06:44:33+08:00,swing,bullish,MAR,370.5899963378906,14.537869518523836,low,1.0,weak,2.0,32.04369202672406,-1.689833208187186,13.529666332813427,,,,,,,3.0,TRADE,RSI-reset+1
2026-06-30,2026-07-01T06:44:33+08:00,swing,bullish,META,563.2899780273438,75.68447152297624,high,1.0,weak,0.0,43.00528833280342,-6.10486937111544,-1.4538555816500764,,,,,,,-1.0,SKIP,RSI-reset+1 IVR-HIGH-2
2026-06-30,2026-07-01T06:44:33+08:00,swing,bullish,MPWR,1382.3599853515625,100.0,high,1.0,neutral,4.0,41.97162732392643,-10.3754580733169,26.43343999808858,,,,,,,3.0,SKIP,RSI-reset+1 IVR-HIGH-2
2026-06-30,2026-07-01T06:44:33+08:00,swing,bullish,MRVL,297.8900146484375,100.0,high,1.0,strong,13.0,57.08735559004522,35.75628883540312,200.89765975919272,,,,,,,10.0,SKIP,1M-chase-1 IVR-HIGH-2
2026-06-30,2026-07-01T06:44:33+08:00,swing,bullish,MSFT,373.0199890136719,73.58689178889739,high,1.0,weak,2.0,36.50412674319325,-19.00026102827912,0.988167405239926,,,,,,,1.0,SKIP,RSI-reset+1 IVR-HIGH-2
2026-06-30,2026-07-01T06:44:33+08:00,swing,bullish,MU,1154.2900390625,96.6292234248619,high,1.0,strong,14.0,61.40350743008525,11.471756548768708,241.6676685930452,,,,,,,12.0,SKIP,IVR-HIGH-2
2026-06-30,2026-07-01T06:44:33+08:00,swing,bullish,NBIS,276.1700134277344,58.895963611009904,high,1.0,strong,11.0,66.91412200032048,4.408152142310606,166.1623050712164,,,,,,,8.0,OVERRIDE,RSI-ext-1 IVR-HIGH-2
2026-06-30,2026-07-01T06:44:33+08:00,swing,bullish,NFLX,71.4000015258789,42.48629923478658,medium,1.0,weak,1.0,25.597248803605268,-16.83167991272364,-25.74102923268129,,,,,,,1.0,WATCH,RSI-reset+1 IVR-MED-1
2026-06-30,2026-07-01T06:44:33+08:00,swing,bullish,NUE,222.75,99.60682777726235,high,1.0,neutral,5.0,31.210561169759657,-11.427891711563564,31.72678412775585,,,,,,,4.0,SKIP,RSI-reset+1 IVR-HIGH-2
2026-06-30,2026-07-01T06:44:33+08:00,swing,bullish,NVDA,200.08999633789065,100.0,high,1.0,weak,0.0,43.17722040255841,-10.71349684813442,14.864219384201704,,,,,,,-1.0,SKIP,RSI-reset+1 IVR-HIGH-2
2026-06-30,2026-07-01T06:44:33+08:00,swing,bullish,NVO,47.93999862670898,24.51234125591813,low,1.0,moderate,7.0,85.10380734043237,8.78148163985415,30.448975854990422,,,,,,,5.0,TRADE,RSI-OB-2
2026-06-30,2026-07-01T06:44:33+08:00,swing,bullish,NVTS,17.920000076293945,54.1516177912197,high,1.0,neutral,3.0,35.051546987974106,-27.916332919025923,104.33294345418427,,,,,,,2.0,SKIP,RSI-reset+1 IVR-HIGH-2
2026-06-30,2026-07-01T06:44:33+08:00,swing,bullish,PLTR,116.66999816894533,55.21555116942479,high,1.0,weak,2.0,34.406639455479606,-27.37628222748505,-20.24200222685693,,,,,,,1.0,SKIP,RSI-reset+1 IVR-HIGH-2
2026-06-30,2026-07-01T06:44:33+08:00,swing,bullish,QQQ,736.4000244140625,100.0,high,1.0,moderate,8.0,58.21480948937933,-0.7446386853765863,27.7260670394752,,,,,,,6.0,SKIP,IVR-HIGH-2
2026-06-30,2026-07-01T06:44:33+08:00,swing,bullish,RCL,317.5299987792969,46.2472907424004,medium,1.0,strong,10.0,66.04785445323458,10.42254827526703,15.98821972165474,,,,,,,8.0,OVERRIDE,RSI-ext-1 IVR-MED-1
2026-06-30,2026-07-01T06:44:33+08:00,swing,bullish,SMCI,29.32999992370605,92.67055370015947,high,1.0,neutral,3.0,33.93922128274055,-37.43600841414136,28.80983458085826,,,,,,,2.0,SKIP,RSI-reset+1 IVR-HIGH-2
2026-06-30,2026-07-01T06:44:33+08:00,swing,bullish,SPY,746.77001953125,82.82906964020157,high,1.0,moderate,7.0,55.80216361062814,-1.2980332985263576,15.12345321807702,,,,,,,7.0,SKIP,HL-zone+2 IVR-HIGH-2
2026-06-30,2026-07-01T06:44:33+08:00,swing,bullish,STX,965.0,71.29932127122257,high,1.0,strong,12.0,59.37848568659578,4.822534309600313,146.49991483503527,,,,,,,10.0,SKIP,IVR-HIGH-2
2026-06-30,2026-07-01T06:44:33+08:00,swing,bullish,TSLA,420.6000061035156,100.0,high,1.0,moderate,6.0,58.334501224637705,1.134943052151094,13.140553087697548,,,,,,,4.0,SKIP,IVR-HIGH-2
2026-06-30,2026-07-01T06:44:33+08:00,swing,bullish,TSM,477.5700073242188,100.0,high,1.0,strong,12.0,62.690352380142606,9.884166365139093,41.644737503092166,,,,,,,10.0,SKIP,IVR-HIGH-2
2026-06-30,2026-07-01T06:44:33+08:00,swing,bullish,V,343.0899963378906,39.0578234079203,medium,1.0,strong,9.0,69.39784591980248,6.295507022295688,13.75107997714531,,,,,,,7.0,OVERRIDE,RSI-ext-1 IVR-MED-1
2026-06-30,2026-07-01T06:44:33+08:00,swing,bullish,VRT,334.82000732421875,78.12396687303581,high,1.0,strong,11.0,60.62815155493394,3.555967923402781,33.64580830454737,,,,,,,9.0,SKIP,IVR-HIGH-2
2026-06-30,2026-07-01T06:44:33+08:00,swing,bullish,VST,158.6300048828125,28.61798882992481,low,1.0,moderate,7.0,61.268366061500224,2.6442000808241106,5.668966093458305,,,,,,,7.0,TRADE,
2026-06-30,2026-07-01T06:44:33+08:00,swing,bullish,WDC,638.719970703125,100.0,high,1.0,strong,14.0,60.33728689810999,16.969336311594297,136.1959782447022,,,,,,,12.0,SKIP,IVR-HIGH-2
2026-07-01,2026-07-02T06:47:18+08:00,momentum,call,AAPL,294.3800048828125,,,,,,52.05340081991905,,,0.3466360694418238,95.72173744647898,2.8353796861985128,0.4435711649066531,1.4799579006265566,3.0,,call,ATR2.8%+1 vol1.5x+2
2026-07-01,2026-07-02T06:47:17+08:00,momentum,call,AMZN,241.6999969482422,,,,,,52.72138534847061,,,0.3815098862373381,68.66094457028767,3.6683603029885625,3.171551005369011,1.626347284628518,4.0,,call,ATR3.7%+1 vol1.6x+2 5d+3%+1
2026-07-01,2026-07-02T06:47:18+08:00,momentum,call,ANET,166.6199951171875,,,,,,60.45889781443172,,,0.5883826984052593,68.63492016860678,5.246711760558228,3.0171815619418174,0.8618461379312535,4.0,,call,ATR5.2%+2 5d+3%+1 RSImom+1
2026-07-01,2026-07-02T06:47:17+08:00,momentum,call,ASML,1843.0400390625,,,,,,55.04875270838944,,,0.7604488550632116,100.0,5.537357529696475,4.5536297215104105,1.2073498523060504,5.0,,call,ATR5.5%+2 vol1.2x+1 5d+5%+1 RSImom+1
2026-07-01,2026-07-02T06:47:18+08:00,momentum,call,AXP,348.0,,,,,,84.39855032519552,,,0.2770595295180396,42.96103283097179,2.3746916421724267,1.5880436945868937,1.1051589973968494,2.0,,call,vol1.1x+1 @20dHi+2 RSIexh-1
2026-07-01,2026-07-02T06:47:17+08:00,momentum,call,BKNG,182.63999938964844,,,,,,70.02185224129896,,,0.4191194099680207,61.14158927711338,3.8197696966926578,0.766896214978452,1.2449746475386323,5.0,,call,ATR3.8%+1 vol1.2x+1 @20dHi+2 RSImom+1
2026-07-01,2026-07-02T01:06:43+08:00,momentum,call,CAT,1001.655029296875,,,,,,65.57278714745678,,,0.5907662749447601,100.0,4.280558111604703,0.7245228016894867,1.5414792483870787,5.0,,call,ATR4.3%+2 vol1.5x+2 RSImom+1
2026-07-01,2026-07-02T06:47:18+08:00,momentum,call,COIN,159.24000549316406,,,,,,53.52037880142301,,,0.7203230765432848,40.61301078116854,6.640471646432291,6.082209610079037,0.966010377600204,4.0,,call,ATR6.6%+2 5d+6%+2
2026-07-01,2026-07-02T01:06:43+08:00,momentum,call,DELL,434.9331970214844,,,,,,69.86510033016282,,,0.5652180552464529,28.800363570886887,6.856209968407501,0.2011702225042544,0.9434910388089928,5.0,,call,ATR6.9%+2 @20dHi+2 RSImom+1
2026-07-01,2026-07-02T06:47:17+08:00,momentum,call,HIMS,37.56999969482422,,,,,,73.84315314355293,,,0.8487094254816084,35.17422604571267,7.64344786321687,14.892962746973936,0.8403325682632716,6.0,,call,ATR7.6%+2 5d+15%+2 @20dHi+2
2026-07-01,2026-07-02T06:47:17+08:00,momentum,call,LLY,1191.739990234375,,,,,,60.79294504292756,,,0.3443380824306907,35.385759846124515,3.170274111446943,6.666306841535863,1.0690404001988223,5.0,,call,ATR3.2%+1 5d+7%+2 nrHi+1 RSImom+1
2026-07-01,2026-07-02T06:47:17+08:00,momentum,call,MA,522.4400024414062,,,,,,69.86662905882126,,,0.225334446477136,47.0524390384645,2.1536306052583982,5.669383420982155,1.1706680702072696,6.0,,call,vol1.2x+1 5d+6%+2 @20dHi+2 RSImom+1
2026-07-01,2026-07-02T06:47:17+08:00,momentum,call,META,612.9099731445312,,,,,,61.51195060559774,,,0.5222494443194706,94.74946488037132,3.564225440267324,9.905498220669774,1.1683826879904262,6.0,,call,ATR3.6%+1 vol1.2x+1 5d+10%+2 nrHi+1 RSImom+1
2026-07-01,2026-07-02T06:47:17+08:00,momentum,call,MSFT,384.2799987792969,,,,,,44.44822387981982,,,0.3909651443591039,72.91601259037145,3.516780022247305,5.149676507484968,1.5168351263196354,5.0,,call,ATR3.5%+1 vol1.5x+2 5d+5%+2
2026-07-01,2026-07-02T06:47:18+08:00,momentum,call,NFLX,74.19000244140625,,,,,,32.804930653447315,,,0.376004201445055,49.54038101347857,3.617641548894115,3.2711667919116616,1.4388249576370635,4.0,,call,ATR3.6%+1 vol1.4x+2 5d+3%+1
2026-07-01,2026-07-02T06:47:18+08:00,momentum,call,NVO,48.77000045776367,,,,,,85.47621080395712,,,0.379652707464884,18.54286126041071,2.639942227656916,2.868594420435966,0.8619798999965355,3.0,,call,ATR2.6%+1 5d+3%+1 @20dHi+2 RSIexh-1
2026-07-01,2026-07-02T06:47:17+08:00,momentum,call,PLTR,125.7300033569336,,,,,,46.04100265140897,,,0.6176793560999159,74.30529654392483,5.081751702557455,10.775333354126504,1.1554299588284571,5.0,,call,ATR5.1%+2 vol1.2x+1 5d+11%+2
2026-07-01,2026-07-02T06:47:18+08:00,momentum,call,QQQ,725.1699829101562,,,,,,59.17366124674989,,,0.3435368458430126,100.0,2.382001665642709,2.047506106350028,1.0636849371872212,3.0,,call,5d+2%+1 nrHi+1 RSImom+1
2026-07-01,2026-07-02T06:47:17+08:00,momentum,call,SPY,745.760009765625,,,,,,62.39854502207426,,,0.1831341295986184,85.80059806803689,1.4575150282024651,1.7074927306198973,1.1451543412174152,4.0,,call,vol1.1x+1 @20dHi+2 RSImom+1
2026-07-01,2026-07-02T06:47:17+08:00,momentum,call,TSLA,425.2999877929688,,,,,,66.4187537699917,,,0.5610054419250815,53.75835960368267,4.072751382547503,13.25326583108004,0.8955446378020465,7.0,,call,ATR4.1%+2 5d+13%+2 @20dHi+2 RSImom+1
2026-07-01,2026-07-02T06:47:18+08:00,momentum,call,TSM,444.2300109863281,,,,,,58.5218112034042,,,0.6582438284540858,100.0,4.674461100680565,0.7712779342666343,1.1647583759114142,4.0,,call,ATR4.7%+2 vol1.2x+1 RSImom+1
2026-07-01,2026-07-02T06:47:17+08:00,momentum,call,V,351.0799865722656,,,,,,76.83204390801866,,,0.2136914086554682,39.348221869855024,2.115308978817567,5.673772676338151,1.3273333134004102,6.0,,call,vol1.3x+2 5d+6%+2 @20dHi+2
2026-07-01,2026-07-02T06:47:17+08:00,momentum,put,AVGO,369.3399963378906,,,,,,49.28193885488352,,,0.7189647732917784,89.9636215186845,4.222154560614483,-3.331852996125295,1.1421167868312936,6.0,,put,ATR4.2%+2 vol1.1x+1 5d-3%+1 @20dLo+2
2026-07-01,2026-07-02T06:47:18+08:00,momentum,put,CAT,991.4099731445312,,,,,,64.16555925785667,,,0.6069145798056717,100.0,4.441797652049583,-0.3057005405181834,1.5863981976087984,4.0,,put,ATR4.4%+2 vol1.6x+2
2026-07-01,2026-07-02T06:47:17+08:00,momentum,put,CEG,236.5,,,,,,46.15180111893781,,,0.3876803341373542,43.17179700329355,4.357232243875765,-11.743852325762417,1.1215477266489358,7.0,,put,ATR4.4%+2 vol1.1x+1 5d-12%+2 @20dLo+2
2026-07-01,2026-07-02T06:47:17+08:00,momentum,put,COHR,368.6499938964844,,,,,,52.50180311125252,,,1.0249340087281478,83.59715380287108,9.838988330353711,-6.076434676054932,0.9776766895821908,5.0,,put,ATR9.8%+2 5d-6%+2 nrLo+1
2026-07-01,2026-07-02T06:47:17+08:00,momentum,put,CRDO,259.0899963378906,,,,,,54.377785634689474,,,1.1309901562195368,96.918104012036,10.676020322526902,-3.680432081453422,1.3389842738519957,5.0,,put,ATR10.7%+2 vol1.3x+2 5d-4%+1
2026-07-01,2026-07-02T06:47:18+08:00,momentum,put,DELL,425.25,,,,,,66.6326503883113,,,0.5666078507428051,28.92725399836224,7.025431489387808,-2.0296727660107594,0.9633002881532275,3.0,,put,ATR7.0%+2 5d-2%+1
2026-07-01,2026-07-02T06:47:17+08:00,momentum,put,FCX,60.52999877929688,,,,,,46.66091531043025,,,0.5729894485386483,57.40294490117912,4.556182908556957,-2.1183722025527763,1.0790177185555854,5.0,,put,ATR4.6%+2 5d-2%+1 @20dLo+2
2026-07-01,2026-07-02T06:47:17+08:00,momentum,put,GS,1019.6099853515624,,,,,,54.266817577147584,,,0.3862605720339482,82.18368920763939,3.103006806312765,-5.32078326039297,1.1783661259369922,5.0,,put,ATR3.1%+1 vol1.2x+1 5d-5%+2 nrLo+1
2026-07-01,2026-07-02T06:47:17+08:00,momentum,put,HLT,332.1199951171875,,,,,,41.34013927868648,,,0.1708968923892661,16.966507178912803,2.373065833401986,-3.290436744719516,1.7358730251413244,6.0,,put,vol1.7x+2 5d-3%+1 @20dLo+2 RSImom+1
2026-07-01,2026-07-02T06:47:17+08:00,momentum,put,MAR,368.3200073242188,,,,,,34.819463161897275,,,0.2264054440387858,29.11036779148403,2.6450204577754994,-3.973300221967724,1.2266187643896291,6.0,,put,ATR2.6%+1 vol1.2x+1 5d-4%+1 @20dLo+2 RSImom+1
2026-07-01,2026-07-02T06:47:17+08:00,momentum,put,MPWR,1331.72998046875,,,,,,42.47711956833251,,,0.8916414198014306,97.1405639500247,7.540500049902807,-7.051672711407086,1.7231563420752032,8.0,,put,ATR7.5%+2 vol1.7x+2 5d-7%+2 nrLo+1 RSImom+1
2026-07-01,2026-07-02T06:47:17+08:00,momentum,put,MRVL,272.04998779296875,,,,,,54.22455570829951,,,1.2632561869784502,75.44680262169037,10.090977353867933,-1.680529168384448,1.3429408062322297,4.0,,put,ATR10.1%+2 vol1.3x+2
2026-07-01,2026-07-02T06:47:18+08:00,momentum,put,MU,1032.280029296875,,,,,,56.77867876713725,,,1.3424603335225656,100.0,10.268257408480633,-1.5479089677339242,1.147502686463054,3.0,,put,ATR10.3%+2 vol1.1x+1
2026-07-01,2026-07-02T06:47:17+08:00,momentum,put,NBIS,229.17999267578125,,,,,,54.28151471753875,,,1.1338868325955165,56.16999823777924,12.6696100070784,-11.738431239487769,1.0972508916600936,4.0,,put,ATR12.7%+2 5d-12%+2
2026-07-01,2026-07-02T06:47:17+08:00,momentum,put,NUE,219.0200042724609,,,,,,31.44936746948163,,,0.3830135673465421,88.39817262200906,4.167780445237737,-8.715321785328145,1.3821050333799376,9.0,,put,ATR4.2%+2 vol1.4x+2 5d-9%+2 @20dLo+2 RSImom+1
2026-07-01,2026-07-02T06:47:18+08:00,momentum,put,NVDA,197.5800018310547,,,,,,47.37523473430248,,,0.4246067535917374,78.27710690808887,3.151707893563057,-0.7135669190679983,0.9675504040253988,2.0,,put,ATR3.2%+1 nrLo+1
2026-07-01,2026-07-02T06:47:17+08:00,momentum,put,NVTS,16.530000686645508,,,,,,37.21828996193041,,,1.373138390553592,64.48072574268758,12.500216144740376,-9.77073710696853,0.605940801078956,7.0,,put,ATR12.5%+2 5d-10%+2 @20dLo+2 RSImom+1
2026-07-01,2026-07-02T06:47:18+08:00,momentum,put,RCL,306.29998779296875,,,,,,67.45978100763264,,,0.5453950946529023,59.27013846143934,4.805980016529395,-4.564581354373775,1.0294396751290176,3.0,,put,ATR4.8%+2 5d-5%+1
2026-07-01,2026-07-02T06:47:17+08:00,momentum,put,SMCI,27.64999961853028,,,,,,46.82601698422304,,,1.5534762140525848,91.28615657894662,9.498835788081038,-14.79199085225037,1.1797679701071089,7.0,,put,ATR9.5%+2 vol1.2x+1 5d-15%+2 @20dLo+2
2026-07-01,2026-07-02T06:47:17+08:00,momentum,put,STX,915.1900024414062,,,,,,57.58906815514905,,,0.9035396576926564,85.83533296739452,9.64087038627379,-7.859048332101059,1.29079954179429,5.0,,put,ATR9.6%+2 vol1.3x+1 5d-8%+2
2026-07-01,2026-07-02T06:47:18+08:00,momentum,put,VRT,311.4200134277344,,,,,,56.68068395901315,,,0.8738260247415712,88.8626834142008,7.206786872470948,-1.5832820415289106,1.3017535445247082,4.0,,put,ATR7.2%+2 vol1.3x+2
2026-07-01,2026-07-02T06:47:18+08:00,momentum,put,VST,153.16000366210938,,,,,,63.77414931858089,,,0.461748545170036,37.358587124700485,4.711768801929287,-5.961804964807449,0.9273229181991924,4.0,,put,ATR4.7%+2 5d-6%+2
2026-07-01,2026-07-02T06:47:17+08:00,momentum,put,WDC,598.3699951171875,,,,,,59.05381516455012,,,1.1933639117295771,100.0,11.099556671480888,-7.060873330842621,1.5056484071067502,6.0,,put,ATR11.1%+2 vol1.5x+2 5d-7%+2
2026-07-01,2026-07-02T06:46:07+08:00,swing,bearish,AAPL,294.3800048828125,100.0,high,1.0,moderate,8.0,52.05340081991905,-6.605332017101462,15.264727860062166,,,,,,,4.0,SKIP,IVR-HIGH-2
2026-07-01,2026-07-02T06:46:07+08:00,swing,bearish,AMZN,241.6999969482422,67.25236467199328,high,1.0,neutral,4.0,52.72138534847061,-5.777324458188648,14.783676944120527,,,,,,,8.0,SKIP,IVR-HIGH-2
2026-07-01,2026-07-02T06:46:07+08:00,swing,bearish,ANET,166.6199951171875,58.20635792663407,high,1.0,strong,9.0,60.45889781443172,-4.967778830151392,33.456145096969706,,,,,,,3.0,SKIP,IVR-HIGH-2
2026-07-01,2026-07-02T06:46:07+08:00,swing,bearish,ASML,1843.0400390625,100.0,high,1.0,strong,12.0,55.04875270838944,8.072737549006327,35.83761655662045,,,,,,,0.0,SKIP,IVR-HIGH-2
2026-07-01,2026-07-02T06:46:07+08:00,swing,bearish,AVGO,369.3399963378906,92.80261731910169,high,1.0,weak,1.0,49.28193885488352,-23.183643241502416,18.002023749908357,,,,,,,12.0,SKIP,struct-down+1 IVR-HIGH-2
2026-07-01,2026-07-02T06:46:07+08:00,swing,bearish,AXP,348.0,43.3839314008716,medium,1.0,moderate,7.0,84.39855032519552,11.907900644414829,15.806976591852065,,,,,,,8.0,WATCH,RSI-ext+1 struct-down+1 IVR-MED-1
2026-07-01,2026-07-02T06:46:07+08:00,swing,bearish,BKNG,182.63999938964844,61.18911911970056,high,1.0,moderate,8.0,70.02185224129896,9.502501007245945,9.389726710634603,,,,,,,5.0,SKIP,RSI-ext+1 IVR-HIGH-2
2026-07-01,2026-07-02T06:46:07+08:00,swing,bearish,CAT,991.4099731445312,100.0,high,1.0,strong,11.0,64.16555925785667,8.968902936316914,36.00852093131057,,,,,,,2.0,SKIP,struct-down+1 IVR-HIGH-2
2026-07-01,2026-07-02T06:46:07+08:00,swing,bearish,CEG,236.5,0.5745501232657664,low,1.0,weak,1.0,46.15180111893781,-13.258754705936015,-15.241012960647328,,,,,,,14.0,TRADE,struct-down+1
2026-07-01,2026-07-02T06:46:07+08:00,swing,bearish,COHR,368.6499938964844,100.0,high,1.0,moderate,6.0,52.50180311125252,-13.642863209137444,48.76916438918877,,,,,,,7.0,SKIP,struct-down+1 IVR-HIGH-2
2026-07-01,2026-07-02T06:46:07+08:00,swing,bearish,COIN,159.24000549316406,39.770150994643984,medium,1.0,neutral,3.0,53.52037880142301,-8.477498439173004,-7.94843607340272,,,,,,,11.0,OVERRIDE,struct-down+1 IVR-MED-1
2026-07-01,2026-07-02T06:46:07+08:00,swing,bearish,CRDO,259.0899963378906,86.61947815033946,high,1.0,strong,14.0,54.377785634689474,13.139736392091985,170.1105100956649,,,,,,,-2.0,SKIP,IVR-HIGH-2
2026-07-01,2026-07-02T06:46:07+08:00,swing,bearish,DELL,425.25,28.82104443809888,low,1.0,strong,10.0,66.6326503883113,-2.310996213046923,151.83952608323307,,,,,,,5.0,TRADE,RSI-ext+1
2026-07-01,2026-07-02T06:46:07+08:00,swing,bearish,FCX,60.52999877929688,64.92850886424927,high,1.0,weak,0.0,46.66091531043025,-15.60234558135517,-0.8769884789845861,,,,,,,12.0,OVERRIDE,IVR-HIGH-2
2026-07-01,2026-07-02T06:46:07+08:00,swing,bearish,GS,1019.6099853515624,76.23979539280009,high,1.0,strong,9.0,54.266817577147584,-4.224198515796108,19.05274005404852,,,,,,,3.0,SKIP,IVR-HIGH-2
2026-07-01,2026-07-02T06:46:07+08:00,swing,bearish,HIMS,37.56999969482422,38.01532253794304,medium,1.0,strong,11.0,73.84315314355293,36.568518292416165,89.36491636026354,,,,,,,4.0,WATCH,RSI-ext+1 struct-down+1 IVR-MED-1
2026-07-01,2026-07-02T06:46:07+08:00,swing,bearish,HLT,332.1199951171875,0.0,low,1.0,moderate,6.0,41.34013927868648,-0.2193213077788192,7.79030483233083,,,,,,,8.0,TRADE,
2026-07-01,2026-07-02T06:46:07+08:00,swing,bearish,LLY,1191.739990234375,38.364602064336765,medium,1.0,strong,12.0,60.79294504292756,11.989847567833834,25.06720319477713,,,,,,,1.0,WATCH,IVR-MED-1
2026-07-01,2026-07-02T06:46:07+08:00,swing,bearish,MA,522.4400024414062,58.10844913275576,high,1.0,moderate,8.0,69.86662905882126,9.370291921773076,6.445197894961852,,,,,,,5.0,SKIP,RSI-ext+1 IVR-HIGH-2
2026-07-01,2026-07-02T06:46:07+08:00,swing,bearish,MAR,368.3200073242188,14.653596960044792,low,1.0,weak,2.0,34.819463161897275,-1.4554800672275103,10.672058177998188,,,,,,,11.0,TRADE,RSI-OS-1
2026-07-01,2026-07-02T06:46:07+08:00,swing,bearish,META,612.9099731445312,94.61809562008104,high,1.0,moderate,8.0,61.51195060559774,2.651816206956448,5.912680696152228,,,,,,,4.0,SKIP,IVR-HIGH-2
2026-07-01,2026-07-02T06:46:07+08:00,swing,bearish,MPWR,1331.72998046875,100.0,high,1.0,weak,2.0,42.47711956833251,-17.921833104530315,19.138010980387364,,,,,,,11.0,SKIP,struct-down+1 IVR-HIGH-2
2026-07-01,2026-07-02T06:46:07+08:00,swing,bearish,MRVL,272.04998779296875,100.0,high,1.0,strong,11.0,54.22455570829951,-6.444520169632351,155.07091535258817,,,,,,,1.0,SKIP,IVR-HIGH-2
2026-07-01,2026-07-02T06:46:07+08:00,swing,bearish,MSFT,384.2799987792969,75.8425933011489,high,1.0,weak,2.0,44.44822387981982,-12.922888467244588,4.261933777238358,,,,,,,10.0,SKIP,IVR-HIGH-2
2026-07-01,2026-07-02T06:46:07+08:00,swing,bearish,MU,1032.280029296875,100.0,high,1.0,strong,12.0,56.77867876713725,-2.99031547966544,180.62525816742385,,,,,,,0.0,SKIP,IVR-HIGH-2
2026-07-01,2026-07-02T06:46:07+08:00,swing,bearish,NBIS,229.17999267578125,78.72889208043112,high,1.0,strong,11.0,54.28151471753875,-12.050040492183513,124.79646840218246,,,,,,,1.0,SKIP,IVR-HIGH-2
2026-07-01,2026-07-02T06:46:07+08:00,swing,bearish,NFLX,74.19000244140625,50.82620947458689,high,1.0,weak,1.0,32.804930653447315,-10.968437764082973,-22.354787993864544,,,,,,,11.0,OVERRIDE,RSI-OS-1 struct-down+1 IVR-HIGH-2
2026-07-01,2026-07-02T06:46:07+08:00,swing,bearish,NUE,219.0200042724609,98.599393104684,high,1.0,neutral,5.0,31.44936746948163,-15.051492175859572,26.38608078772761,,,,,,,6.0,SKIP,RSI-OS-1 IVR-HIGH-2
2026-07-01,2026-07-02T06:46:07+08:00,swing,bearish,NVDA,197.5800018310547,73.55208151205802,high,1.0,weak,0.0,47.37523473430248,-11.224181275235278,12.5520750757266,,,,,,,12.0,SKIP,IVR-HIGH-2
2026-07-01,2026-07-02T06:46:07+08:00,swing,bearish,NVO,48.77000045776367,21.97018655372759,low,1.0,strong,9.0,85.47621080395712,13.630015233903524,33.68969591487536,,,,,,,6.0,TRADE,RSI-ext+1
2026-07-01,2026-07-02T06:46:07+08:00,swing,bearish,NVTS,16.530000686645508,54.65227087054462,high,1.0,neutral,3.0,37.21828996193041,-36.0788851643388,93.5597278745045,,,,,,,7.0,SKIP,RSI-OS-1 1M-crash-1 IVR-HIGH-2
2026-07-01,2026-07-02T06:46:07+08:00,swing,bearish,PLTR,125.7300033569336,72.48421620847283,high,1.0,weak,2.0,46.04100265140897,-17.375300736126032,-14.171616736815007,,,,,,,10.0,SKIP,IVR-HIGH-2
2026-07-01,2026-07-02T06:46:07+08:00,swing,bearish,QQQ,725.1699829101562,100.0,high,1.0,moderate,8.0,59.17366124674989,-2.706264870515196,24.24345062850668,,,,,,,5.0,SKIP,struct-down+1 IVR-HIGH-2
2026-07-01,2026-07-02T06:46:07+08:00,swing,bearish,RCL,306.29998779296875,49.8988363048837,medium,1.0,moderate,8.0,67.45978100763264,5.876253272490861,9.156967686427665,,,,,,,6.0,WATCH,RSI-ext+1 IVR-MED-1
2026-07-01,2026-07-02T06:46:07+08:00,swing,bearish,SMCI,27.64999961853028,92.55417799498954,high,1.0,neutral,3.0,46.82601698422304,-44.8873816470551,22.834292924855127,,,,,,,9.0,SKIP,1M-crash-1 struct-down+1 IVR-HIGH-2
2026-07-01,2026-07-02T06:46:07+08:00,swing,bearish,SPY,745.760009765625,82.51199832228747,high,1.0,moderate,7.0,62.39854502207426,-1.5651966833958753,14.108002472201274,,,,,,,6.0,SKIP,struct-down+1 IVR-HIGH-2
2026-07-01,2026-07-02T06:46:07+08:00,swing,bearish,STX,915.1900024414062,72.78459440531354,high,1.0,strong,12.0,57.58906815514905,-1.16202476592967,116.44984231951732,,,,,,,0.0,SKIP,IVR-HIGH-2
2026-07-01,2026-07-02T06:46:07+08:00,swing,bearish,TSLA,425.2999877929688,92.10787803027898,high,1.0,moderate,6.0,66.4187537699917,0.3681497131603928,11.551166369223154,,,,,,,8.0,SKIP,RSI-ext+1 struct-down+1 IVR-HIGH-2
2026-07-01,2026-07-02T06:46:07+08:00,swing,bearish,TSM,444.2300109863281,100.0,high,1.0,strong,12.0,58.5218112034042,-0.3178195623620983,30.390449488525405,,,,,,,0.0,SKIP,IVR-HIGH-2
2026-07-01,2026-07-02T06:46:07+08:00,swing,bearish,V,351.0799865722656,42.04472233078995,medium,1.0,strong,9.0,76.83204390801866,10.639095697975607,17.854608076350175,,,,,,,5.0,WATCH,RSI-ext+1 IVR-MED-1
2026-07-01,2026-07-02T06:46:07+08:00,swing,bearish,VRT,311.4200134277344,84.93462402937952,high,1.0,moderate,8.0,56.68068395901315,-6.877689288691813,20.09284631248537,,,,,,,5.0,SKIP,struct-down+1 IVR-HIGH-2
2026-07-01,2026-07-02T06:46:07+08:00,swing,bearish,VST,153.16000366210938,28.70232310579988,low,1.0,neutral,4.0,63.77414931858089,-2.909101390913193,-0.380306780207218,,,,,,,10.0,TRADE,
2026-07-01,2026-07-02T06:46:07+08:00,swing,bearish,WDC,598.3699951171875,100.0,high,1.0,strong,12.0,59.05381516455012,6.291252978150741,101.029786925151,,,,,,,0.0,SKIP,IVR-HIGH-2
2026-07-01,2026-07-02T06:43:47+08:00,swing,bullish,AAPL,294.3800048828125,100.0,high,1.0,moderate,8.0,52.05340081991905,-6.605332017101462,15.264727860062166,,,,,,,9.0,SKIP,HL-zone+2 RSI-reset+1 IVR-HIGH-2
2026-07-01,2026-07-02T06:43:47+08:00,swing,bullish,AMZN,241.6999969482422,67.25236467199328,high,1.0,neutral,4.0,52.72138534847061,-5.777324458188648,14.783676944120527,,,,,,,3.0,SKIP,RSI-reset+1 IVR-HIGH-2
2026-07-01,2026-07-02T06:43:47+08:00,swing,bullish,ANET,166.6199951171875,58.20635792663407,high,1.0,strong,9.0,60.45889781443172,-4.967778830151392,33.456145096969706,,,,,,,7.0,OVERRIDE,IVR-HIGH-2
2026-07-01,2026-07-02T06:43:47+08:00,swing,bullish,ASML,1843.0400390625,100.0,high,1.0,strong,12.0,55.04875270838944,8.072737549006327,35.83761655662045,,,,,,,12.0,SKIP,HL-zone+2 IVR-HIGH-2
2026-07-01,2026-07-02T06:43:47+08:00,swing,bullish,AVGO,369.3399963378906,92.80262205444365,high,1.0,weak,1.0,49.28193885488352,-23.183643241502416,18.002023749908357,,,,,,,0.0,SKIP,RSI-reset+1 IVR-HIGH-2
2026-07-01,2026-07-02T06:43:47+08:00,swing,bullish,AXP,348.0,43.38393140087157,medium,1.0,moderate,7.0,84.39855032519552,11.907900644414829,15.806976591852065,,,,,,,4.0,OVERRIDE,RSI-OB-2 IVR-MED-1
2026-07-01,2026-07-02T06:43:47+08:00,swing,bullish,BKNG,182.63999938964844,61.18911911970053,high,1.0,moderate,8.0,70.02185224129896,9.502501007245945,9.389726710634603,,,,,,,5.0,SKIP,RSI-ext-1 IVR-HIGH-2
2026-07-01,2026-07-02T06:43:47+08:00,swing,bullish,CAT,991.4099731445312,100.0,high,1.0,strong,11.0,64.16555925785667,8.968902936316914,36.00852093131057,,,,,,,9.0,SKIP,IVR-HIGH-2
2026-07-01,2026-07-02T06:43:47+08:00,swing,bullish,CEG,236.5,0.5745876631554945,low,1.0,weak,1.0,46.15180111893781,-13.258754705936015,-15.241012960647328,,,,,,,2.0,TRADE,RSI-reset+1
2026-07-01,2026-07-02T06:43:47+08:00,swing,bullish,COHR,368.6499938964844,100.0,high,1.0,moderate,6.0,52.50180311125252,-13.642863209137444,48.76916438918877,,,,,,,7.0,SKIP,HL-zone+2 RSI-reset+1 IVR-HIGH-2
2026-07-01,2026-07-02T06:43:47+08:00,swing,bullish,COIN,159.24000549316406,39.770150994643984,medium,1.0,neutral,3.0,53.52037880142301,-8.477498439173004,-7.94843607340272,,,,,,,5.0,WATCH,HL-zone+2 RSI-reset+1 IVR-MED-1
2026-07-01,2026-07-02T06:43:47+08:00,swing,bullish,CRDO,259.0899963378906,86.61947815033946,high,1.0,strong,14.0,54.377785634689474,13.139736392091985,170.1105100956649,,,,,,,13.0,SKIP,RSI-reset+1 IVR-HIGH-2
2026-07-01,2026-07-02T06:43:47+08:00,swing,bullish,DELL,425.25,28.82104443809892,low,1.0,strong,10.0,66.6326503883113,-2.310996213046923,151.83952608323307,,,,,,,9.0,TRADE,RSI-ext-1
2026-07-01,2026-07-02T06:43:47+08:00,swing,bullish,FCX,60.52999877929688,64.92856260352386,high,1.0,weak,0.0,46.66091531043025,-15.60234558135517,-0.8769884789845861,,,,,,,-1.0,SKIP,RSI-reset+1 IVR-HIGH-2
2026-07-01,2026-07-02T06:43:47+08:00,swing,bullish,GS,1019.6099853515624,76.23979539280008,high,1.0,strong,9.0,54.266817577147584,-4.224198515796108,19.05274005404852,,,,,,,10.0,SKIP,HL-zone+2 RSI-reset+1 IVR-HIGH-2
2026-07-01,2026-07-02T06:43:47+08:00,swing,bullish,HIMS,37.56999969482422,38.01532253794304,medium,1.0,strong,11.0,73.84315314355293,36.568518292416165,89.36491636026354,,,,,,,8.0,OVERRIDE,RSI-ext-1 1M-chase-1 IVR-MED-1
2026-07-01,2026-07-02T06:43:47+08:00,swing,bullish,HLT,332.1199951171875,0.0,low,1.0,moderate,6.0,41.34013927868648,-0.2193213077788192,7.79030483233083,,,,,,,7.0,TRADE,RSI-reset+1
2026-07-01,2026-07-02T06:43:47+08:00,swing,bullish,LLY,1191.739990234375,38.36460206433671,medium,1.0,strong,12.0,60.79294504292756,11.989847567833834,25.06720319477713,,,,,,,11.0,OVERRIDE,IVR-MED-1
2026-07-01,2026-07-02T06:43:47+08:00,swing,bullish,MA,522.4400024414062,58.108449132755645,high,1.0,moderate,8.0,69.86662905882126,9.370291921773076,6.445197894961852,,,,,,,5.0,SKIP,RSI-ext-1 IVR-HIGH-2
2026-07-01,2026-07-02T06:43:47+08:00,swing,bullish,MAR,368.3200073242188,14.653578499053294,low,1.0,weak,2.0,34.819463161897275,-1.4554800672275103,10.672058177998188,,,,,,,3.0,TRADE,RSI-reset+1
2026-07-01,2026-07-02T06:43:47+08:00,swing,bullish,META,612.9099731445312,94.61809562008102,high,1.0,moderate,8.0,61.51195060559774,2.651816206956448,5.912680696152228,,,,,,,8.0,SKIP,HL-zone+2 IVR-HIGH-2
2026-07-01,2026-07-02T06:43:47+08:00,swing,bullish,MPWR,1331.72998046875,100.0,high,1.0,weak,2.0,42.47711956833251,-17.921833104530315,19.138010980387364,,,,,,,1.0,SKIP,RSI-reset+1 IVR-HIGH-2
2026-07-01,2026-07-02T06:43:47+08:00,swing,bullish,MRVL,272.04998779296875,100.0,high,1.0,strong,11.0,54.22455570829951,-6.444520169632351,155.07091535258817,,,,,,,10.0,SKIP,RSI-reset+1 IVR-HIGH-2
2026-07-01,2026-07-02T06:43:47+08:00,swing,bullish,MSFT,384.2799987792969,75.84255937597348,high,1.0,weak,2.0,44.44822387981982,-12.922888467244588,4.261933777238358,,,,,,,1.0,SKIP,RSI-reset+1 IVR-HIGH-2
2026-07-01,2026-07-02T06:43:47+08:00,swing,bullish,MU,1032.280029296875,100.0,high,1.0,strong,12.0,56.77867876713725,-2.99031547966544,180.62525816742385,,,,,,,10.0,SKIP,IVR-HIGH-2
2026-07-01,2026-07-02T06:43:47+08:00,swing,bullish,NBIS,229.17999267578125,78.72889208043112,high,1.0,strong,11.0,54.28151471753875,-12.050040492183513,124.79646840218246,,,,,,,10.0,SKIP,RSI-reset+1 IVR-HIGH-2
2026-07-01,2026-07-02T06:43:47+08:00,swing,bullish,NFLX,74.19000244140625,50.82620947458689,high,1.0,weak,1.0,32.804930653447315,-10.968437764082973,-22.354787993864544,,,,,,,0.0,SKIP,RSI-reset+1 IVR-HIGH-2
2026-07-01,2026-07-02T06:43:47+08:00,swing,bullish,NUE,219.0200042724609,98.59939310468393,high,1.0,neutral,5.0,31.44936746948163,-15.051492175859572,26.38608078772761,,,,,,,4.0,SKIP,RSI-reset+1 IVR-HIGH-2
2026-07-01,2026-07-02T06:43:47+08:00,swing,bullish,NVDA,197.5800018310547,73.55203371025351,high,1.0,weak,0.0,47.37523473430248,-11.224181275235278,12.5520750757266,,,,,,,-1.0,SKIP,RSI-reset+1 IVR-HIGH-2
2026-07-01,2026-07-02T06:43:47+08:00,swing,bullish,NVO,48.77000045776367,21.97018655372759,low,1.0,strong,9.0,85.47621080395712,13.630015233903524,33.68969591487536,,,,,,,7.0,TRADE,RSI-OB-2
2026-07-01,2026-07-02T06:43:47+08:00,swing,bullish,NVTS,16.530000686645508,54.65227087054462,high,1.0,neutral,3.0,37.21828996193041,-36.0788851643388,93.5597278745045,,,,,,,2.0,SKIP,RSI-reset+1 IVR-HIGH-2
2026-07-01,2026-07-02T06:43:47+08:00,swing,bullish,PLTR,125.7300033569336,72.48421620847283,high,1.0,weak,2.0,46.04100265140897,-17.375300736126032,-14.171616736815007,,,,,,,1.0,SKIP,RSI-reset+1 IVR-HIGH-2
2026-07-01,2026-07-02T06:43:47+08:00,swing,bullish,QQQ,725.1699829101562,100.0,high,1.0,moderate,8.0,59.17366124674989,-2.706264870515196,24.24345062850668,,,,,,,8.0,SKIP,HL-zone+2 IVR-HIGH-2
2026-07-01,2026-07-02T06:43:47+08:00,swing,bullish,RCL,306.29998779296875,49.8988363048837,medium,1.0,moderate,8.0,67.45978100763264,5.876253272490861,9.156967686427665,,,,,,,6.0,OVERRIDE,RSI-ext-1 IVR-MED-1
2026-07-01,2026-07-02T06:43:47+08:00,swing,bullish,SMCI,27.64999961853028,92.55417799498954,high,1.0,neutral,3.0,46.82601698422304,-44.8873816470551,22.834292924855127,,,,,,,2.0,SKIP,RSI-reset+1 IVR-HIGH-2
2026-07-01,2026-07-02T06:43:47+08:00,swing,bullish,SPY,745.760009765625,82.51199520069463,high,1.0,moderate,7.0,62.39854502207426,-1.5651966833958753,14.108002472201274,,,,,,,7.0,SKIP,HL-zone+2 IVR-HIGH-2
2026-07-01,2026-07-02T06:43:47+08:00,swing,bullish,STX,915.1900024414062,72.78459440531357,high,1.0,strong,12.0,57.58906815514905,-1.16202476592967,116.44984231951732,,,,,,,10.0,SKIP,IVR-HIGH-2
2026-07-01,2026-07-02T06:43:47+08:00,swing,bullish,TSLA,425.2999877929688,92.10787803027898,high,1.0,moderate,6.0,66.4187537699917,0.3681497131603928,11.551166369223154,,,,,,,3.0,SKIP,RSI-ext-1 IVR-HIGH-2
2026-07-01,2026-07-02T06:43:47+08:00,swing,bullish,TSM,444.2300109863281,100.0,high,1.0,strong,12.0,58.5218112034042,-0.3178195623620983,30.390449488525405,,,,,,,10.0,SKIP,IVR-HIGH-2
2026-07-01,2026-07-02T06:43:47+08:00,swing,bullish,V,351.0799865722656,42.04470210086711,medium,1.0,strong,9.0,76.83204390801866,10.639095697975607,17.854608076350175,,,,,,,6.0,OVERRIDE,RSI-OB-2 IVR-MED-1
2026-07-01,2026-07-02T06:43:47+08:00,swing,bullish,VRT,311.4200134277344,84.93454338871477,high,1.0,moderate,8.0,56.68068395901315,-6.877689288691813,20.09284631248537,,,,,,,6.0,SKIP,IVR-HIGH-2
2026-07-01,2026-07-02T06:43:47+08:00,swing,bullish,VST,153.16000366210938,28.702316350058755,low,1.0,neutral,4.0,63.77414931858089,-2.909101390913193,-0.380306780207218,,,,,,,4.0,TRADE,
2026-07-01,2026-07-02T06:43:47+08:00,swing,bullish,WDC,598.3699951171875,100.0,high,1.0,strong,12.0,59.05381516455012,6.291252978150741,101.029786925151,,,,,,,10.0,SKIP,IVR-HIGH-2
2026-07-02,2026-07-03T06:26:04+08:00,momentum,call,AAPL,308.6300048828125,,,,,,58.29293135375314,,,0.3867342411542154,100.0,2.897137169519924,12.16791267635784,1.5203766801439815,8.0,,call,ATR2.9%+1 vol1.5x+2 5d+12%+2 @20dHi+2 RSImom+1
2026-07-02,2026-07-03T06:26:04+08:00,momentum,call,AMZN,242.6699981689453,,,,,,50.88631042013413,,,0.3725370022394709,65.92489803361627,3.6148434372272833,6.898376301065379,1.6266050492189548,5.0,,call,ATR3.6%+1 vol1.6x+2 5d+7%+2
2026-07-02,2026-07-03T06:26:04+08:00,momentum,call,AXP,351.9599914550781,,,,,,84.02112095412812,,,0.2344925175564107,29.54855159995246,2.274405767041048,2.774046673199826,1.0435206138965556,2.0,,call,5d+3%+1 @20dHi+2 RSIexh-1
2026-07-02,2026-07-03T06:26:04+08:00,momentum,call,BKNG,184.5599975585937,,,,,,69.44909262381108,,,0.4133155960734715,59.790532318418265,3.696822365875795,4.241736445856215,1.3141610582342305,7.0,,call,ATR3.7%+1 vol1.3x+2 5d+4%+1 @20dHi+2 RSImom+1
2026-07-02,2026-07-03T06:26:04+08:00,momentum,call,COIN,165.47999572753906,,,,,,53.383361797475295,,,0.6995609056783751,38.2776664264939,6.583015166356253,16.110013167824945,0.9953302022925502,5.0,,call,ATR6.6%+2 5d+16%+2 nrHi+1
2026-07-02,2026-07-03T06:26:04+08:00,momentum,call,HIMS,36.79999923706055,,,,,,69.61899556817517,,,0.8568959153612214,35.784817227292734,7.716034670090062,12.503822277786014,0.8466298182447548,6.0,,call,ATR7.7%+2 5d+13%+2 nrHi+1 RSImom+1
2026-07-02,2026-07-03T06:26:04+08:00,momentum,call,LLY,1213.9100341796875,,,,,,60.42110137976325,,,0.3462214231023379,35.759683480917296,3.164919603961226,7.64572686228977,1.0787674584099405,6.0,,call,ATR3.2%+1 5d+8%+2 @20dHi+2 RSImom+1
2026-07-02,2026-07-03T06:26:04+08:00,momentum,call,MA,539.3900146484375,,,,,,76.88632461975592,,,0.2354210061866365,51.50626327303938,2.2199673845933603,10.322752154665672,1.2056144119168473,5.0,,call,vol1.2x+1 5d+10%+2 @20dHi+2
2026-07-02,2026-07-03T06:26:04+08:00,momentum,call,META,582.9000244140625,,,,,,53.53899664596091,,,0.5299856667240618,96.81766460805208,3.960259617657096,7.373778189423397,1.156582132848852,4.0,,call,ATR4.0%+1 vol1.2x+1 5d+7%+2
2026-07-02,2026-07-03T06:26:04+08:00,momentum,call,MSFT,390.489990234375,,,,,,50.06410542348838,,,0.3870961251913444,71.93640320003865,3.3717702788169017,10.673696991566771,1.514492903499838,5.0,,call,ATR3.4%+1 vol1.5x+2 5d+11%+2
2026-07-02,2026-07-03T06:26:04+08:00,momentum,call,NFLX,77.6500015258789,,,,,,42.885226137886974,,,0.4122166623116046,57.574671447924885,3.662035612814278,9.52045113502038,1.4553979279319411,5.0,,call,ATR3.7%+1 vol1.5x+2 5d+10%+2
2026-07-02,2026-07-03T06:26:04+08:00,momentum,call,NVO,50.43000030517578,,,,,,86.30754265741092,,,0.3760409858841219,18.11989036731516,2.670604151176427,5.856425170596413,0.8916522129222907,4.0,,call,ATR2.7%+1 5d+6%+2 @20dHi+2 RSIexh-1
2026-07-02,2026-07-03T06:26:04+08:00,momentum,call,PLTR,129.3000030517578,,,,,,48.49865224392635,,,0.5909158675146131,68.30113710701518,5.096122276659827,20.53696942118377,1.2138583109561767,5.0,,call,ATR5.1%+2 vol1.2x+1 5d+21%+2
2026-07-02,2026-07-03T06:26:04+08:00,momentum,call,SPY,744.780029296875,,,,,,55.70175507075085,,,0.1816629275919465,84.79355472155923,1.4184811510538076,1.4272152632611723,1.088886414199231,3.0,,call,@20dHi+2 RSImom+1
2026-07-02,2026-07-03T06:26:04+08:00,momentum,call,TSLA,393.4500122070313,,,,,,48.06649108354222,,,0.6256687149485552,66.409919599387,4.841218624370471,4.886440959810057,0.9434139514145052,3.0,,call,ATR4.8%+2 5d+5%+1
2026-07-02,2026-07-03T00:45:13+08:00,momentum,call,TSM,436.5698852539063,,,,,,53.72306659297257,,,0.656126951463473,99.4828985483476,4.946353183457009,0.3632026150027112,1.1486575880675205,3.0,,call,ATR4.9%+2 vol1.1x+1
2026-07-02,2026-07-03T06:26:04+08:00,momentum,call,V,362.1300048828125,,,,,,86.17735037478063,,,0.21787711414165,41.470139650551125,2.1553030983411667,9.563722897205196,1.3272334134887966,5.0,,call,vol1.3x+2 5d+10%+2 @20dHi+2 RSIexh-1
2026-07-02,2026-07-03T06:26:04+08:00,momentum,put,ANET,159.99000549316406,,,,,,52.45790251046104,,,0.6037142188189271,71.61992258402576,5.655009109180527,-3.3000855580469945,0.8978046544387406,3.0,,put,ATR5.7%+2 5d-3%+1
2026-07-02,2026-07-03T06:26:04+08:00,momentum,put,ASML,1769.3199462890625,,,,,,43.40240321663092,,,0.775883481024002,100.0,5.530272492035103,-3.902937536013351,1.2081389207432571,5.0,,put,ATR5.5%+2 vol1.2x+1 5d-4%+1 RSImom+1
2026-07-02,2026-07-03T06:26:04+08:00,momentum,put,AVGO,360.4500122070313,,,,,,41.6450519969167,,,0.7193036863639604,90.0247371727449,4.2995345075322575,-4.871867007116471,1.0840752989951112,6.0,,put,ATR4.3%+2 5d-5%+1 @20dLo+2 RSImom+1
2026-07-02,2026-07-03T06:26:04+08:00,momentum,put,CAT,963.530029296875,,,,,,57.1043553397583,,,0.6154469449155783,100.0,4.625030220261227,-8.843812225532066,1.596833741570408,6.0,,put,ATR4.6%+2 vol1.6x+2 5d-9%+2
2026-07-02,2026-07-03T06:26:04+08:00,momentum,put,CEG,239.25,,,,,,44.93893479525159,,,0.3899242836474699,43.772024255304856,4.355039709022568,-10.95686559749326,1.1395833700543914,8.0,,put,ATR4.4%+2 vol1.1x+1 5d-11%+2 @20dLo+2 RSImom+1
2026-07-02,2026-07-03T06:26:04+08:00,momentum,put,COHR,333.3599853515625,,,,,,45.02764286885688,,,1.0764989257936917,89.47426891292821,11.315631196480265,-18.143650005755063,0.9920244884836612,6.0,,put,ATR11.3%+2 5d-18%+2 @20dLo+2
2026-07-02,2026-07-03T06:26:04+08:00,momentum,put,CRDO,241.9100036621093,,,,,,45.1306306405907,,,1.1341160563522088,97.3968939343344,11.85762753546695,-9.7451760012488,1.358574423624656,6.0,,put,ATR11.9%+2 vol1.4x+2 5d-10%+2
2026-07-02,2026-07-03T06:26:04+08:00,momentum,put,DELL,394.3200073242188,,,,,,50.81575651172232,,,0.6160597853581354,33.442309941157625,7.792257293525686,-3.6952019615918985,0.9515001431600086,3.0,,put,ATR7.8%+2 5d-4%+1
2026-07-02,2026-07-03T06:26:04+08:00,momentum,put,FCX,60.970001220703125,,,,,,36.15267361194449,,,0.5750384357033443,57.72875789370584,4.325312807135903,-2.914009615588453,1.084881818190102,6.0,,put,ATR4.3%+2 5d-3%+1 @20dLo+2 RSImom+1
2026-07-02,2026-07-03T06:26:04+08:00,momentum,put,GS,1021.0,,,,,,45.97182010546468,,,0.3788990475261583,79.58184725573365,3.050817988945318,-4.139553205381596,1.1460168082637223,4.0,,put,ATR3.1%+1 vol1.1x+1 5d-4%+1 nrLo+1
2026-07-02,2026-07-03T06:26:04+08:00,momentum,put,HLT,338.1199951171875,,,,,,45.02396416500599,,,0.1814598341760118,22.56982301824425,2.3246180480395404,-0.7135494825677435,1.7319248272509424,3.0,,put,vol1.7x+2 nrLo+1
2026-07-02,2026-07-03T06:26:04+08:00,momentum,put,MAR,372.9500122070313,,,,,,27.398043326184137,,,0.2292631240591026,30.35906194598353,2.534330097070128,-1.5729306161029522,1.2257254635431725,4.0,,put,ATR2.5%+1 vol1.2x+1 @20dLo+2
2026-07-02,2026-07-03T06:26:04+08:00,momentum,put,MPWR,1288.1600341796875,,,,,,32.44509534048494,,,0.8757333260632172,94.84690518222372,7.816111485866843,-10.302056091480516,1.72923040026749,9.0,,put,ATR7.8%+2 vol1.7x+2 5d-10%+2 @20dLo+2 RSImom+1
2026-07-02,2026-07-03T06:26:04+08:00,momentum,put,MRVL,245.2899932861328,,,,,,42.265024054121255,,,1.3018298990891304,78.48680301192987,11.42525312196532,-12.78888403277314,1.3119192349654514,9.0,,put,ATR11.4%+2 vol1.3x+2 5d-13%+2 @20dLo+2 RSImom+1
2026-07-02,2026-07-03T06:26:04+08:00,momentum,put,MU,975.5599975585938,,,,,,48.97250957724861,,,1.3548437766766903,100.0,10.93460139102619,-19.61172496983348,1.1621728074122784,5.0,,put,ATR10.9%+2 vol1.2x+1 5d-20%+2
2026-07-02,2026-07-03T06:26:04+08:00,momentum,put,NBIS,215.6199951171875,,,,,,48.40296980201639,,,1.14633898805035,57.46059052861492,13.680746564785853,-15.9802084656281,1.0849852776537274,5.0,,put,ATR13.7%+2 5d-16%+2 nrLo+1
2026-07-02,2026-07-03T06:26:04+08:00,momentum,put,NUE,220.75,,,,,,23.4874392522446,,,0.3868495706915396,90.36289635098478,3.925218637719529,-11.088374409558332,1.358987065990586,7.0,,put,ATR3.9%+1 vol1.4x+2 5d-11%+2 @20dLo+2
2026-07-02,2026-07-03T06:26:04+08:00,momentum,put,NVDA,194.8300018310547,,,,,,40.41985540843898,,,0.4100148743049694,72.59401990763195,3.2543022325476305,-0.4649042794377389,0.9715686329307184,4.0,,put,ATR3.3%+1 @20dLo+2 RSImom+1
2026-07-02,2026-07-03T06:26:04+08:00,momentum,put,NVTS,14.460000038146973,,,,,,25.613599909974127,,,1.20991949020141,53.3437339410396,14.53171411331424,-18.30508805161436,0.6532609491097471,6.0,,put,ATR14.5%+2 5d-18%+2 @20dLo+2
2026-07-02,2026-07-03T06:26:04+08:00,momentum,put,QQQ,712.5999755859375,,,,,,48.86812608406937,,,0.3482733866386517,100.0,2.410057830245828,-0.5276570076091613,1.058063400499659,1.0,,put,nrLo+1
2026-07-02,2026-07-03T06:26:04+08:00,momentum,put,RCL,296.29998779296875,,,,,,54.23952308719997,,,0.5586952366363278,61.467165982131554,4.855239322944968,-8.166746196179842,1.0363561133864818,4.0,,put,ATR4.9%+2 5d-8%+2
2026-07-02,2026-07-03T06:26:04+08:00,momentum,put,SMCI,27.21999931335449,,,,,,39.784946236559136,,,1.550954459808523,91.09856192685976,9.40484765069929,-14.07828582341468,1.1593134532911995,8.0,,put,ATR9.4%+2 vol1.2x+1 5d-14%+2 @20dLo+2 RSImom+1
2026-07-02,2026-07-03T06:26:04+08:00,momentum,put,STX,820.1599731445312,,,,,,46.62238839814433,,,0.9800677373179792,95.63476999118534,11.395256089553037,-20.01248489687013,1.3125165085547434,8.0,,put,ATR11.4%+2 vol1.3x+2 5d-20%+2 @20dLo+2
2026-07-02,2026-07-03T06:26:04+08:00,momentum,put,TSM,434.1600036621094,,,,,,53.1082295150535,,,0.6583751101262942,100.0,5.071040941193624,-0.190805901491764,1.2028132947845278,3.0,,put,ATR5.1%+2 vol1.2x+1
2026-07-02,2026-07-03T06:26:04+08:00,momentum,put,VRT,300.5299987792969,,,,,,50.610105988794615,,,0.8810798677118635,90.02446368237119,7.535994301072862,-7.691128783858092,1.321716800908295,6.0,,put,ATR7.5%+2 vol1.3x+2 5d-8%+2
2026-07-02,2026-07-03T06:26:04+08:00,momentum,put,VST,151.0500030517578,,,,,,55.07202843033653,,,0.4546056259457544,35.76904765038648,4.748821089857136,-9.966025388870824,0.9290880178600772,4.0,,put,ATR4.7%+2 5d-10%+2
2026-07-02,2026-07-03T06:26:04+08:00,momentum,put,WDC,539.0,,,,,,50.78540989629602,,,1.2357344809084,100.0,12.890735002401934,-20.194259863233675,1.4439036795882778,6.0,,put,ATR12.9%+2 vol1.4x+2 5d-20%+2
2026-07-02,2026-07-03T06:24:52+08:00,swing,bearish,AAPL,308.6300048828125,100.0,high,1.0,strong,9.0,58.29293135375314,-0.5253673794582303,20.70738968408445,,,,,,,4.0,SKIP,struct-down+1 IVR-HIGH-2
2026-07-02,2026-07-03T06:24:52+08:00,swing,bearish,AMZN,242.6699981689453,66.27525793995002,high,1.0,neutral,4.0,50.88631042013413,-2.9397672097893013,15.68384098126443,,,,,,,9.0,SKIP,struct-down+1 IVR-HIGH-2
2026-07-02,2026-07-03T06:24:52+08:00,swing,bearish,ANET,159.99000549316406,59.69981261849564,high,1.0,strong,9.0,52.45790251046104,-8.246825730745243,26.2946046003659,,,,,,,3.0,SKIP,IVR-HIGH-2
2026-07-02,2026-07-03T06:24:52+08:00,swing,bearish,ASML,1769.3199462890625,100.0,high,1.0,strong,9.0,43.40240321663092,2.488470614589189,34.61465019322518,,,,,,,3.0,SKIP,IVR-HIGH-2
2026-07-02,2026-07-03T06:24:52+08:00,swing,bearish,AVGO,360.4500122070313,86.28051265092019,high,1.0,weak,0.0,41.6450519969167,-24.666553348689725,14.773643904553602,,,,,,,13.0,SKIP,struct-down+1 IVR-HIGH-2
2026-07-02,2026-07-03T06:24:52+08:00,swing,bearish,AXP,351.9599914550781,42.25326747528207,medium,1.0,moderate,6.0,84.02112095412812,17.09750902571794,17.249650224098545,,,,,,,9.0,WATCH,RSI-ext+1 struct-down+1 IVR-MED-1
2026-07-02,2026-07-03T06:24:52+08:00,swing,bearish,BKNG,184.5599975585937,60.32427057411539,high,1.0,strong,10.0,69.44909262381108,12.28545419201106,10.282724689903675,,,,,,,3.0,SKIP,RSI-ext+1 IVR-HIGH-2
2026-07-02,2026-07-03T06:24:52+08:00,swing,bearish,CAT,963.530029296875,97.445200882874,high,1.0,strong,11.0,57.1043553397583,4.032697414806763,34.59809322559557,,,,,,,2.0,SKIP,struct-down+1 IVR-HIGH-2
2026-07-02,2026-07-03T06:24:52+08:00,swing,bearish,CEG,239.25,0.0,low,1.0,weak,1.0,44.93893479525159,-10.47372820580752,-12.168568361413046,,,,,,,14.0,TRADE,struct-down+1
2026-07-02,2026-07-03T06:24:52+08:00,swing,bearish,COHR,333.3599853515625,82.49441086632817,high,1.0,neutral,3.0,45.02764286885688,-20.139905804400616,29.129214681867623,,,,,,,10.0,SKIP,struct-down+1 IVR-HIGH-2
2026-07-02,2026-07-03T06:24:52+08:00,swing,bearish,COIN,165.47999572753906,39.67977417172386,medium,1.0,neutral,3.0,53.383361797475295,1.384630860148084,-3.4877001937294816,,,,,,,11.0,OVERRIDE,struct-down+1 IVR-MED-1
2026-07-02,2026-07-03T06:24:52+08:00,swing,bearish,CRDO,241.9100036621093,91.33715386844749,high,1.0,strong,11.0,45.1306306405907,12.7260003643338,138.45245040818202,,,,,,,1.0,SKIP,IVR-HIGH-2
2026-07-02,2026-07-03T06:24:52+08:00,swing,bearish,DELL,394.3200073242188,29.842596264285586,low,1.0,strong,10.0,50.81575651172232,-6.355082193737638,126.83953135562268,,,,,,,4.0,TRADE,
2026-07-02,2026-07-03T06:24:52+08:00,swing,bearish,FCX,60.970001220703125,72.07145701915098,high,1.0,weak,0.0,36.15267361194449,-13.689125499004962,-0.4492419392632119,,,,,,,11.0,SKIP,RSI-OS-1 IVR-HIGH-2
2026-07-02,2026-07-03T06:24:52+08:00,swing,bearish,GS,1021.0,74.16928378210932,high,1.0,moderate,6.0,45.97182010546468,-1.92311570917384,18.82412583659772,,,,,,,6.0,SKIP,IVR-HIGH-2
2026-07-02,2026-07-03T06:24:52+08:00,swing,bearish,HIMS,36.79999923706055,38.44270746555169,medium,1.0,strong,11.0,69.61899556817517,33.769534463418324,92.26750475740997,,,,,,,4.0,WATCH,RSI-ext+1 struct-down+1 IVR-MED-1
2026-07-02,2026-07-03T06:24:52+08:00,swing,bearish,HLT,338.1199951171875,7.067882833260673,low,1.0,moderate,6.0,45.02396416500599,2.036997947751096,10.92874038917664,,,,,,,8.0,TRADE,
2026-07-02,2026-07-03T06:24:52+08:00,swing,bearish,LLY,1213.9100341796875,36.69737817307461,medium,1.0,strong,12.0,60.42110137976325,12.526187101450814,29.97281894284358,,,,,,,1.0,WATCH,IVR-MED-1
2026-07-02,2026-07-03T06:24:52+08:00,swing,bearish,MA,539.3900146484375,46.30726395380284,medium,1.0,moderate,8.0,76.88632461975592,14.386603459155122,9.500032308420202,,,,,,,6.0,WATCH,RSI-ext+1 IVR-MED-1
2026-07-02,2026-07-03T06:24:52+08:00,swing,bearish,MAR,372.9500122070313,16.28186460338161,low,1.0,neutral,5.0,27.398043326184137,-1.008623169998346,12.579815029679176,,,,,,,8.0,TRADE,RSI-OS-1
2026-07-02,2026-07-03T06:24:52+08:00,swing,bearish,META,582.9000244140625,100.0,high,1.0,neutral,4.0,53.53899664596091,-6.346869164290336,1.5632487447408971,,,,,,,9.0,SKIP,struct-down+1 IVR-HIGH-2
2026-07-02,2026-07-03T06:24:52+08:00,swing,bearish,MPWR,1288.1600341796875,96.3880644368638,high,1.0,weak,2.0,32.44509534048494,-23.656240468430862,15.345287439946452,,,,,,,10.0,SKIP,RSI-OS-1 struct-down+1 IVR-HIGH-2
2026-07-02,2026-07-03T06:24:52+08:00,swing,bearish,MRVL,245.2899932861328,76.23892945221978,high,1.0,moderate,7.0,42.265024054121255,-18.683905768515384,129.12218828574316,,,,,,,5.0,SKIP,IVR-HIGH-2
2026-07-02,2026-07-03T06:24:52+08:00,swing,bearish,MSFT,390.489990234375,72.62346894494942,high,1.0,neutral,5.0,50.06410542348838,-8.623111906047509,4.786526410543734,,,,,,,8.0,SKIP,struct-down+1 IVR-HIGH-2
2026-07-02,2026-07-03T06:24:52+08:00,swing,bearish,MU,975.5599975585938,100.0,high,1.0,strong,9.0,48.97250957724861,-9.634387200940042,166.37178450509592,,,,,,,3.0,SKIP,IVR-HIGH-2
2026-07-02,2026-07-03T06:24:52+08:00,swing,bearish,NBIS,215.6199951171875,81.77247830592007,high,1.0,moderate,8.0,48.40296980201639,-14.327717183720235,98.14371964884594,,,,,,,4.0,SKIP,IVR-HIGH-2
2026-07-02,2026-07-03T06:24:52+08:00,swing,bearish,NFLX,77.6500015258789,57.94322648844127,high,1.0,weak,1.0,42.885226137886974,-4.74729548153957,-21.295359169238925,,,,,,,12.0,OVERRIDE,struct-down+1 IVR-HIGH-2
2026-07-02,2026-07-03T06:24:52+08:00,swing,bearish,NUE,220.75,90.01236727628017,high,1.0,neutral,5.0,23.4874392522446,-14.138000739975164,28.315054419875963,,,,,,,6.0,SKIP,RSI-OS-1 IVR-HIGH-2
2026-07-02,2026-07-03T06:24:52+08:00,swing,bearish,NVDA,194.8300018310547,73.96844468215208,high,1.0,weak,0.0,40.41985540843898,-9.17016231652462,9.959457959367011,,,,,,,12.0,SKIP,IVR-HIGH-2
2026-07-02,2026-07-03T06:24:52+08:00,swing,bearish,NVO,50.43000030517578,21.25790545768785,low,1.0,strong,9.0,86.30754265741092,20.07142929803758,36.371013870829486,,,,,,,6.0,TRADE,RSI-ext+1
2026-07-02,2026-07-03T06:24:52+08:00,swing,bearish,NVTS,14.460000038146973,57.44810327498191,high,1.0,neutral,3.0,25.613599909974127,-53.11284057521775,64.31817869016953,,,,,,,7.0,SKIP,RSI-OS-1 1M-crash-1 IVR-HIGH-2
2026-07-02,2026-07-03T06:24:52+08:00,swing,bearish,PLTR,129.3000030517578,70.9960297441477,high,1.0,weak,2.0,48.49865224392635,-9.07172586028937,-12.90583510415516,,,,,,,11.0,SKIP,struct-down+1 IVR-HIGH-2
2026-07-02,2026-07-03T06:24:52+08:00,swing,bearish,QQQ,712.5999755859375,100.0,high,1.0,neutral,5.0,48.86812608406937,-4.142235408405693,21.949998699574703,,,,,,,8.0,SKIP,struct-down+1 IVR-HIGH-2
2026-07-02,2026-07-03T06:24:52+08:00,swing,bearish,RCL,296.29998779296875,52.80965555978218,high,1.0,moderate,8.0,54.23952308719997,3.449470673154331,8.862269325961902,,,,,,,4.0,SKIP,IVR-HIGH-2
2026-07-02,2026-07-03T06:24:52+08:00,swing,bearish,SMCI,27.21999931335449,89.60665150460659,high,1.0,weak,1.0,39.784946236559136,-42.59805912185698,17.22652936384663,,,,,,,10.0,SKIP,RSI-OS-1 1M-crash-1 struct-down+1 IVR-HIGH-2
2026-07-02,2026-07-03T06:24:52+08:00,swing,bearish,SPY,744.780029296875,82.38577262886936,high,1.0,moderate,6.0,55.70175507075085,-0.9998447148781842,13.85553432756943,,,,,,,7.0,SKIP,struct-down+1 IVR-HIGH-2
2026-07-02,2026-07-03T06:24:52+08:00,swing,bearish,STX,820.1599731445312,87.32149859311079,high,1.0,moderate,6.0,46.62238839814433,-12.750774545810597,91.15539862281348,,,,,,,6.0,SKIP,IVR-HIGH-2
2026-07-02,2026-07-03T06:24:52+08:00,swing,bearish,TSLA,393.4500122070313,100.0,high,1.0,weak,0.0,48.06649108354222,-7.139485279320468,9.112847334330688,,,,,,,13.0,SKIP,struct-down+1 IVR-HIGH-2
2026-07-02,2026-07-03T06:24:52+08:00,swing,bearish,TSM,434.1600036621094,99.7199460610477,high,1.0,strong,12.0,53.1082295150535,-0.3465320110792702,28.35556732057245,,,,,,,0.0,SKIP,IVR-HIGH-2
2026-07-02,2026-07-03T06:24:52+08:00,swing,bearish,V,362.1300048828125,44.74769270732627,medium,1.0,strong,11.0,86.17735037478063,15.918697809836214,20.63855411152777,,,,,,,3.0,WATCH,RSI-ext+1 IVR-MED-1
2026-07-02,2026-07-03T06:24:52+08:00,swing,bearish,VRT,300.5299987792969,84.44646186298591,high,1.0,moderate,6.0,50.610105988794615,-9.307108518251406,15.041722302243986,,,,,,,7.0,SKIP,struct-down+1 IVR-HIGH-2
2026-07-02,2026-07-03T06:24:52+08:00,swing,bearish,VST,151.0500030517578,27.61798817845508,low,1.0,neutral,5.0,55.07202843033653,-1.6504954973706298,0.0539323462379837,,,,,,,9.0,TRADE,
2026-07-02,2026-07-03T06:24:52+08:00,swing,bearish,WDC,539.0,100.0,high,1.0,strong,12.0,50.78540989629602,-9.252405701525202,82.77808122439087,,,,,,,0.0,SKIP,IVR-HIGH-2
2026-07-02,2026-07-03T06:22:29+08:00,swing,bullish,AAPL,308.6300048828125,100.0,high,1.0,strong,9.0,58.29293135375314,-0.5253673794582303,20.70738968408445,,,,,,,7.0,SKIP,IVR-HIGH-2
2026-07-02,2026-07-03T06:22:29+08:00,swing,bullish,AMZN,242.6699981689453,66.27525793995002,high,1.0,neutral,4.0,50.88631042013413,-2.9397672097893013,15.68384098126443,,,,,,,3.0,SKIP,RSI-reset+1 IVR-HIGH-2
2026-07-02,2026-07-03T06:22:29+08:00,swing,bullish,ANET,159.99000549316406,59.69981261849564,high,1.0,strong,9.0,52.45790251046104,-8.246825730745243,26.2946046003659,,,,,,,8.0,OVERRIDE,RSI-reset+1 IVR-HIGH-2
2026-07-02,2026-07-03T06:22:29+08:00,swing,bullish,ASML,1769.3199462890625,100.0,high,1.0,strong,9.0,43.40240321663092,2.488470614589189,34.61465019322518,,,,,,,10.0,SKIP,HL-zone+2 RSI-reset+1 IVR-HIGH-2
2026-07-02,2026-07-03T06:22:29+08:00,swing,bullish,AVGO,360.4500122070313,86.28050429728471,high,1.0,weak,0.0,41.6450519969167,-24.666553348689725,14.773643904553602,,,,,,,-1.0,SKIP,RSI-reset+1 IVR-HIGH-2
2026-07-02,2026-07-03T06:22:29+08:00,swing,bullish,AXP,351.9599914550781,42.25326747528214,medium,1.0,moderate,6.0,84.02112095412812,17.09750902571794,17.249650224098545,,,,,,,3.0,OVERRIDE,RSI-OB-2 IVR-MED-1
2026-07-02,2026-07-03T06:22:29+08:00,swing,bullish,BKNG,184.5599975585937,60.324270574115424,high,1.0,strong,10.0,69.44909262381108,12.28545419201106,10.282724689903675,,,,,,,7.0,OVERRIDE,RSI-ext-1 IVR-HIGH-2
2026-07-02,2026-07-03T06:22:29+08:00,swing,bullish,CAT,963.530029296875,97.44519837279114,high,1.0,strong,11.0,57.1043553397583,4.032697414806763,34.59809322559557,,,,,,,9.0,SKIP,IVR-HIGH-2
2026-07-02,2026-07-03T06:22:29+08:00,swing,bullish,CEG,239.25,0.0,low,1.0,weak,1.0,44.93893479525159,-10.47372820580752,-12.168568361413046,,,,,,,2.0,TRADE,RSI-reset+1
2026-07-02,2026-07-03T06:22:29+08:00,swing,bullish,COHR,333.3599853515625,82.49441086632817,high,1.0,neutral,3.0,45.02764286885688,-20.139905804400616,29.129214681867623,,,,,,,2.0,SKIP,RSI-reset+1 IVR-HIGH-2
2026-07-02,2026-07-03T06:22:29+08:00,swing,bullish,COIN,165.47999572753906,39.67977417172386,medium,1.0,neutral,3.0,53.383361797475295,1.384630860148084,-3.4877001937294816,,,,,,,3.0,WATCH,RSI-reset+1 IVR-MED-1
2026-07-02,2026-07-03T06:22:29+08:00,swing,bullish,CRDO,241.9100036621093,91.33715386844749,high,1.0,strong,11.0,45.1306306405907,12.7260003643338,138.45245040818202,,,,,,,10.0,SKIP,RSI-reset+1 IVR-HIGH-2
2026-07-02,2026-07-03T06:22:29+08:00,swing,bullish,DELL,394.3200073242188,29.84259902901167,low,1.0,strong,10.0,50.81575651172232,-6.355082193737638,126.83953135562268,,,,,,,11.0,TRADE,RSI-reset+1
2026-07-02,2026-07-03T06:22:29+08:00,swing,bullish,FCX,60.970001220703125,72.07148466392029,high,1.0,weak,0.0,36.15267361194449,-13.689125499004962,-0.4492419392632119,,,,,,,-1.0,SKIP,RSI-reset+1 IVR-HIGH-2
2026-07-02,2026-07-03T06:22:29+08:00,swing,bullish,GS,1021.0,74.16928378210923,high,1.0,moderate,6.0,45.97182010546468,-1.92311570917384,18.82412583659772,,,,,,,7.0,SKIP,HL-zone+2 RSI-reset+1 IVR-HIGH-2
2026-07-02,2026-07-03T06:22:29+08:00,swing,bullish,HIMS,36.79999923706055,38.44270746555169,medium,1.0,strong,11.0,69.61899556817517,33.769534463418324,92.26750475740997,,,,,,,8.0,OVERRIDE,RSI-ext-1 1M-chase-1 IVR-MED-1
2026-07-02,2026-07-03T06:22:29+08:00,swing,bullish,HLT,338.1199951171875,7.067882833260655,low,1.0,moderate,6.0,45.02396416500599,2.036997947751096,10.92874038917664,,,,,,,7.0,TRADE,RSI-reset+1
2026-07-02,2026-07-03T06:22:29+08:00,swing,bullish,LLY,1213.9100341796875,36.69735483358666,medium,1.0,strong,12.0,60.42110137976325,12.526187101450814,29.97281894284358,,,,,,,11.0,OVERRIDE,IVR-MED-1
2026-07-02,2026-07-03T06:22:29+08:00,swing,bullish,MA,539.3900146484375,46.30718517349741,medium,1.0,moderate,8.0,76.88632461975592,14.386603459155122,9.500032308420202,,,,,,,5.0,OVERRIDE,RSI-OB-2 IVR-MED-1
2026-07-02,2026-07-03T06:22:29+08:00,swing,bullish,MAR,372.9500122070313,16.281864603381546,low,1.0,neutral,5.0,27.398043326184137,-1.008623169998346,12.579815029679176,,,,,,,6.0,TRADE,RSI-reset+1
2026-07-02,2026-07-03T06:22:29+08:00,swing,bullish,META,582.9000244140625,100.0,high,1.0,neutral,4.0,53.53899664596091,-6.346869164290336,1.5632487447408971,,,,,,,3.0,SKIP,RSI-reset+1 IVR-HIGH-2
2026-07-02,2026-07-03T06:22:29+08:00,swing,bullish,MPWR,1288.1600341796875,96.38806606466288,high,1.0,weak,2.0,32.44509534048494,-23.656240468430862,15.345287439946452,,,,,,,1.0,SKIP,RSI-reset+1 IVR-HIGH-2
2026-07-02,2026-07-03T06:22:29+08:00,swing,bullish,MRVL,245.2899932861328,76.23892945221978,high,1.0,moderate,7.0,42.265024054121255,-18.683905768515384,129.12218828574316,,,,,,,6.0,SKIP,RSI-reset+1 IVR-HIGH-2
2026-07-02,2026-07-03T06:22:29+08:00,swing,bullish,MSFT,390.489990234375,72.62346786190646,high,1.0,neutral,5.0,50.06410542348838,-8.623111906047509,4.786526410543734,,,,,,,4.0,SKIP,RSI-reset+1 IVR-HIGH-2
2026-07-02,2026-07-03T06:22:29+08:00,swing,bullish,MU,975.5599975585938,100.0,high,1.0,strong,9.0,48.97250957724861,-9.634387200940042,166.37178450509592,,,,,,,8.0,SKIP,RSI-reset+1 IVR-HIGH-2
2026-07-02,2026-07-03T06:22:29+08:00,swing,bullish,NBIS,215.6199951171875,81.77247830592007,high,1.0,moderate,8.0,48.40296980201639,-14.327717183720235,98.14371964884594,,,,,,,9.0,SKIP,HL-zone+2 RSI-reset+1 IVR-HIGH-2
2026-07-02,2026-07-03T06:22:29+08:00,swing,bullish,NFLX,77.6500015258789,57.94322648844127,high,1.0,weak,1.0,42.885226137886974,-4.74729548153957,-21.295359169238925,,,,,,,0.0,SKIP,RSI-reset+1 IVR-HIGH-2
2026-07-02,2026-07-03T06:22:29+08:00,swing,bullish,NUE,220.75,90.01223876557222,high,1.0,neutral,5.0,23.4874392522446,-14.138000739975164,28.315054419875963,,,,,,,4.0,SKIP,RSI-reset+1 IVR-HIGH-2
2026-07-02,2026-07-03T06:22:29+08:00,swing,bullish,NVDA,194.8300018310547,73.96839763287981,high,1.0,weak,0.0,40.41985540843898,-9.17016231652462,9.959457959367011,,,,,,,-1.0,SKIP,RSI-reset+1 IVR-HIGH-2
2026-07-02,2026-07-03T06:22:29+08:00,swing,bullish,NVO,50.43000030517578,21.25790545768792,low,1.0,strong,9.0,86.30754265741092,20.07142929803758,36.371013870829486,,,,,,,7.0,TRADE,RSI-OB-2
2026-07-02,2026-07-03T06:22:29+08:00,swing,bullish,NVTS,14.460000038146973,57.44810327498191,high,1.0,neutral,3.0,25.613599909974127,-53.11284057521775,64.31817869016953,,,,,,,2.0,SKIP,RSI-reset+1 IVR-HIGH-2
2026-07-02,2026-07-03T06:22:29+08:00,swing,bullish,PLTR,129.3000030517578,70.9960297441477,high,1.0,weak,2.0,48.49865224392635,-9.07172586028937,-12.90583510415516,,,,,,,1.0,SKIP,RSI-reset+1 IVR-HIGH-2
2026-07-02,2026-07-03T06:22:29+08:00,swing,bullish,QQQ,712.5999755859375,100.0,high,1.0,neutral,5.0,48.86812608406937,-4.142235408405693,21.949998699574703,,,,,,,6.0,SKIP,HL-zone+2 RSI-reset+1 IVR-HIGH-2
2026-07-02,2026-07-03T06:22:29+08:00,swing,bullish,RCL,296.29998779296875,52.809761525692736,high,1.0,moderate,8.0,54.23952308719997,3.449470673154331,8.862269325961902,,,,,,,7.0,SKIP,RSI-reset+1 IVR-HIGH-2
2026-07-02,2026-07-03T06:22:29+08:00,swing,bullish,SMCI,27.21999931335449,89.60665150460659,high,1.0,weak,1.0,39.784946236559136,-42.59805912185698,17.22652936384663,,,,,,,0.0,SKIP,RSI-reset+1 IVR-HIGH-2
2026-07-02,2026-07-03T06:22:29+08:00,swing,bullish,SPY,744.780029296875,82.3858190337308,high,1.0,moderate,6.0,55.70175507075085,-0.9998447148781842,13.85553432756943,,,,,,,6.0,SKIP,HL-zone+2 IVR-HIGH-2
2026-07-02,2026-07-03T06:22:29+08:00,swing,bullish,STX,820.1599731445312,87.32149859311073,high,1.0,moderate,6.0,46.62238839814433,-12.750774545810597,91.15539862281348,,,,,,,7.0,SKIP,HL-zone+2 RSI-reset+1 IVR-HIGH-2
2026-07-02,2026-07-03T06:22:29+08:00,swing,bullish,TSLA,393.4500122070313,100.0,high,1.0,weak,0.0,48.06649108354222,-7.139485279320468,9.112847334330688,,,,,,,1.0,SKIP,HL-zone+2 RSI-reset+1 IVR-HIGH-2
2026-07-02,2026-07-03T06:22:29+08:00,swing,bullish,TSM,434.1600036621094,99.71994593498604,high,1.0,strong,12.0,53.1082295150535,-0.3465320110792702,28.35556732057245,,,,,,,11.0,SKIP,RSI-reset+1 IVR-HIGH-2
2026-07-02,2026-07-03T06:22:29+08:00,swing,bullish,V,362.1300048828125,44.74758556934247,medium,1.0,strong,11.0,86.17735037478063,15.918697809836214,20.63855411152777,,,,,,,8.0,OVERRIDE,RSI-OB-2 IVR-MED-1
2026-07-02,2026-07-03T06:22:29+08:00,swing,bullish,VRT,300.5299987792969,84.44646186298591,high,1.0,moderate,6.0,50.610105988794615,-9.307108518251406,15.041722302243986,,,,,,,5.0,SKIP,RSI-reset+1 IVR-HIGH-2
2026-07-02,2026-07-03T06:22:29+08:00,swing,bullish,VST,151.0500030517578,27.61798817845508,low,1.0,neutral,5.0,55.07202843033653,-1.6504954973706298,0.0539323462379837,,,,,,,5.0,TRADE,
2026-07-02,2026-07-03T06:22:29+08:00,swing,bullish,WDC,539.0,100.0,high,1.0,strong,12.0,50.78540989629602,-9.252405701525202,82.77808122439087,,,,,,,11.0,SKIP,RSI-reset+1 IVR-HIGH-2
2026-07-03,2026-07-04T06:22:39+08:00,momentum,call,AAPL,308.6300048828125,,,,,,58.29293135375314,,,0.3867342411542154,100.0,2.897137169519924,12.16791267635784,1.5246857185721223,8.0,,call,ATR2.9%+1 vol1.5x+2 5d+12%+2 @20dHi+2 RSImom+1
2026-07-03,2026-07-04T06:22:39+08:00,momentum,call,AMZN,242.6699981689453,,,,,,50.88631042013413,,,0.3725370022394709,65.92489803361627,3.6148434372272833,6.898376301065379,1.6312213383781178,5.0,,call,ATR3.6%+1 vol1.6x+2 5d+7%+2
2026-07-03,2026-07-04T06:22:39+08:00,momentum,call,AXP,351.9599914550781,,,,,,84.32806998168942,,,0.2352214324100523,29.778168153464264,2.268735971912551,3.055375725074261,1.0612775093934514,2.0,,call,5d+3%+1 @20dHi+2 RSIexh-1
2026-07-03,2026-07-04T06:22:39+08:00,momentum,call,BKNG,184.5599975585937,,,,,,69.44909262381108,,,0.4133155960734715,59.79057485426624,3.697209764699152,4.241736445856215,1.3205296061257925,7.0,,call,ATR3.7%+1 vol1.3x+2 5d+4%+1 @20dHi+2 RSImom+1
2026-07-03,2026-07-04T06:22:39+08:00,momentum,call,COIN,165.47999572753906,,,,,,53.383361797475295,,,0.6995609056783751,38.27766642649386,6.583877981637684,16.110013167824945,0.996054957328909,5.0,,call,ATR6.6%+2 5d+16%+2 nrHi+1
2026-07-03,2026-07-04T06:22:39+08:00,momentum,call,HIMS,36.79999923706055,,,,,,69.61899556817517,,,0.8568959153612214,35.784817227292734,7.716034670090062,12.503822277786014,0.8531236430575428,6.0,,call,ATR7.7%+2 5d+13%+2 nrHi+1 RSImom+1
2026-07-03,2026-07-04T06:22:39+08:00,momentum,call,LLY,1213.9100341796875,,,,,,60.42110137976325,,,0.3462214231023379,35.75972703884506,3.164919603961226,7.64572686228977,1.1027040051214527,7.0,,call,ATR3.2%+1 vol1.1x+1 5d+8%+2 @20dHi+2 RSImom+1
2026-07-03,2026-07-04T06:22:39+08:00,momentum,call,MA,539.3900146484375,,,,,,76.88632461975592,,,0.2354210061866365,51.50619874747211,2.2199673845933603,10.322752154665672,1.2282648211975864,5.0,,call,vol1.2x+1 5d+10%+2 @20dHi+2
2026-07-03,2026-07-04T06:22:39+08:00,momentum,call,META,582.9000244140625,,,,,,53.53899664596091,,,0.5299856667240618,96.81766484618991,3.960259617657096,7.373778189423397,1.1604454211680844,4.0,,call,ATR4.0%+1 vol1.2x+1 5d+7%+2
2026-07-03,2026-07-04T06:22:39+08:00,momentum,call,MSFT,390.489990234375,,,,,,50.06410542348838,,,0.3870961251913444,71.93641756051231,3.3719533778147786,10.673696991566771,1.5170224386252362,5.0,,call,ATR3.4%+1 vol1.5x+2 5d+11%+2
2026-07-03,2026-07-04T06:22:39+08:00,momentum,call,NFLX,77.6500015258789,,,,,,42.885226137886974,,,0.4122166623116046,57.57467144792485,3.66295568787949,9.52045113502038,1.4572325013168022,5.0,,call,ATR3.7%+1 vol1.5x+2 5d+10%+2
2026-07-03,2026-07-04T06:22:39+08:00,momentum,call,NVO,50.43000030517578,,,,,,86.30754265741092,,,0.3760409858841219,18.1198930341394,2.671312497694226,5.856425170596413,0.8933418119863188,4.0,,call,ATR2.7%+1 5d+6%+2 @20dHi+2 RSIexh-1
2026-07-03,2026-07-04T06:22:39+08:00,momentum,call,PLTR,129.3000030517578,,,,,,48.49865224392635,,,0.5909158675146131,68.30113710701517,5.096122276659827,20.53696942118377,1.214680418199203,5.0,,call,ATR5.1%+2 vol1.2x+1 5d+21%+2
2026-07-03,2026-07-04T06:22:39+08:00,momentum,call,SPY,744.780029296875,,,,,,55.70175507075085,,,0.1816629275919465,84.7935561470436,1.4184811510538076,1.4272152632611723,1.104401517049471,4.0,,call,vol1.1x+1 @20dHi+2 RSImom+1
2026-07-03,2026-07-04T06:22:39+08:00,momentum,call,TSLA,393.4500122070313,,,,,,48.06649108354222,,,0.6256687149485552,66.409919599387,4.841238569413014,4.886440959810057,0.9463785858793062,3.0,,call,ATR4.8%+2 5d+5%+1
2026-07-03,2026-07-04T06:22:39+08:00,momentum,call,V,362.1300048828125,,,,,,86.17735037478063,,,0.21787711414165,41.47013965055113,2.1553030983411667,9.563722897205196,1.352336463268886,5.0,,call,vol1.4x+2 5d+10%+2 @20dHi+2 RSIexh-1
2026-07-03,2026-07-04T06:22:39+08:00,momentum,put,ANET,159.99000549316406,,,,,,52.45790251046104,,,0.6037142188189271,71.61992258402576,5.655888588076678,-3.3000855580469945,0.9072856358101892,3.0,,put,ATR5.7%+2 5d-3%+1
2026-07-03,2026-07-04T06:22:39+08:00,momentum,put,ASML,1769.3199462890625,,,,,,43.40240321663092,,,0.775883481024002,100.0,5.530292697065302,-3.902937536013351,1.2094678549903817,5.0,,put,ATR5.5%+2 vol1.2x+1 5d-4%+1 RSImom+1
2026-07-03,2026-07-04T06:22:39+08:00,momentum,put,AVGO,360.4500122070313,,,,,,41.6450519969167,,,0.7193036863639604,90.02473825614967,4.2995345075322575,-4.871867007116471,1.0851255901816297,6.0,,put,ATR4.3%+2 5d-5%+1 @20dLo+2 RSImom+1
2026-07-03,2026-07-04T06:22:39+08:00,momentum,put,CAT,963.530029296875,,,,,,57.1043553397583,,,0.6154469449155783,100.0,4.629701488069372,-8.843812225532066,1.600012159109548,6.0,,put,ATR4.6%+2 vol1.6x+2 5d-9%+2
2026-07-03,2026-07-04T06:22:39+08:00,momentum,put,CEG,239.25,,,,,,44.93893479525159,,,0.3899242836474699,43.77212326255065,4.355036520142932,-10.95686559749326,1.1426374047531722,8.0,,put,ATR4.4%+2 vol1.1x+1 5d-11%+2 @20dLo+2 RSImom+1
2026-07-03,2026-07-04T06:22:39+08:00,momentum,put,COHR,333.3599853515625,,,,,,45.02764286885688,,,1.0764989257936917,89.47426891292824,11.315523957565825,-18.143650005755063,0.9923254526243066,6.0,,put,ATR11.3%+2 5d-18%+2 @20dLo+2
2026-07-03,2026-07-04T06:22:39+08:00,momentum,put,CRDO,241.9100036621093,,,,,,45.1306306405907,,,1.1341160563522088,97.3968939343344,11.860727285290109,-9.7451760012488,1.358930021691054,6.0,,put,ATR11.9%+2 vol1.4x+2 5d-10%+2
2026-07-03,2026-07-04T06:22:39+08:00,momentum,put,DELL,394.3200073242188,,,,,,50.81575651172232,,,0.6160597853581354,33.44230177313374,7.792257293525686,-3.6952019615918985,0.9518751494926488,3.0,,put,ATR7.8%+2 5d-4%+1
2026-07-03,2026-07-04T06:22:39+08:00,momentum,put,FCX,60.970001220703125,,,,,,36.15267361194449,,,0.5750384357033443,57.72875591711782,4.325312807135903,-2.914009615588453,1.0851337548848856,6.0,,put,ATR4.3%+2 5d-3%+1 @20dLo+2 RSImom+1
2026-07-03,2026-07-04T06:22:39+08:00,momentum,put,GS,1021.0,,,,,,45.97182010546468,,,0.3788990475261583,79.58185677512782,3.051069918021766,-4.139553205381596,1.1519171783436042,4.0,,put,ATR3.1%+1 vol1.2x+1 5d-4%+1 nrLo+1
2026-07-03,2026-07-04T06:22:39+08:00,momentum,put,HLT,338.1199951171875,,,,,,45.02396416500599,,,0.1814598341760118,22.5698230182441,2.3246180480395404,-0.7135494825677435,1.7320641481807308,3.0,,put,vol1.7x+2 nrLo+1
2026-07-03,2026-07-04T06:22:39+08:00,momentum,put,MAR,372.9500122070313,,,,,,27.398043326184137,,,0.2292631240591026,30.35903679855119,2.5342342419641453,-1.5729306161029522,1.2261557905940266,4.0,,put,ATR2.5%+1 vol1.2x+1 @20dLo+2
2026-07-03,2026-07-04T06:22:39+08:00,momentum,put,MPWR,1288.1600341796875,,,,,,32.44509534048494,,,0.8757333260632172,94.84690589962804,7.816111485866843,-10.302056091480516,1.7320144005320963,9.0,,put,ATR7.8%+2 vol1.7x+2 5d-10%+2 @20dLo+2 RSImom+1
2026-07-03,2026-07-04T06:22:39+08:00,momentum,put,MRVL,245.2899932861328,,,,,,42.265024054121255,,,1.3018298990891304,78.48680219655031,11.42525312196532,-12.78888403277314,1.3135542538619225,9.0,,put,ATR11.4%+2 vol1.3x+2 5d-13%+2 @20dLo+2 RSImom+1
2026-07-03,2026-07-04T06:22:39+08:00,momentum,put,MU,975.5599975585938,,,,,,48.97250957724861,,,1.3548437766766903,100.0,10.93460139102619,-19.61172496983348,1.1634466338325993,5.0,,put,ATR10.9%+2 vol1.2x+1 5d-20%+2
2026-07-03,2026-07-04T06:22:39+08:00,momentum,put,NBIS,215.6199951171875,,,,,,48.40296980201639,,,1.14633898805035,57.46059052861487,13.680746564785853,-15.9802084656281,1.085534847848904,5.0,,put,ATR13.7%+2 5d-16%+2 nrLo+1
2026-07-03,2026-07-04T06:22:39+08:00,momentum,put,NUE,220.75,,,,,,23.4874392522446,,,0.3868495706915396,90.36284658025608,3.9321753223301297,-11.088374409558332,1.360164100096814,7.0,,put,ATR3.9%+1 vol1.4x+2 5d-11%+2 @20dLo+2
2026-07-03,2026-07-04T06:22:39+08:00,momentum,put,NVDA,194.8300018310547,,,,,,40.41985540843898,,,0.4100148743049694,72.59404174450945,3.254485721551431,-0.4649042794377389,0.9776931931749132,4.0,,put,ATR3.3%+1 @20dLo+2 RSImom+1
2026-07-03,2026-07-04T06:22:39+08:00,momentum,put,NVTS,14.460000038146973,,,,,,25.613599909974127,,,1.20991949020141,53.3437339410396,14.53171411331424,-18.30508805161436,0.6537934672077778,6.0,,put,ATR14.5%+2 5d-18%+2 @20dLo+2
2026-07-03,2026-07-04T06:22:39+08:00,momentum,put,QQQ,712.5999755859375,,,,,,48.86812608406937,,,0.3482733866386517,100.0,2.4101581646948063,-0.5276570076091613,1.060293203372958,1.0,,put,nrLo+1
2026-07-03,2026-07-04T06:22:39+08:00,momentum,put,RCL,296.29998779296875,,,,,,54.23952308719997,,,0.5586952366363277,61.46724606389008,4.861868557500042,-8.166746196179842,1.0365415684637995,4.0,,put,ATR4.9%+2 5d-8%+2
2026-07-03,2026-07-04T06:22:39+08:00,momentum,put,SMCI,27.21999931335449,,,,,,39.784946236559136,,,1.550954459808523,91.09856192685976,9.40747183174634,-14.07828582341468,1.160069695492374,8.0,,put,ATR9.4%+2 vol1.2x+1 5d-14%+2 @20dLo+2 RSImom+1
2026-07-03,2026-07-04T06:22:39+08:00,momentum,put,STX,820.1599731445312,,,,,,46.62238839814433,,,0.9800677373179792,95.63475300669762,11.395256089553037,-20.01248489687013,1.3132189909133325,8.0,,put,ATR11.4%+2 vol1.3x+2 5d-20%+2 @20dLo+2
2026-07-03,2026-07-04T06:22:39+08:00,momentum,put,TSM,434.1600036621094,,,,,,53.1082295150535,,,0.6583751101262942,100.0,5.071040941193624,-0.190805901491764,1.2040827662311686,3.0,,put,ATR5.1%+2 vol1.2x+1
2026-07-03,2026-07-04T06:22:39+08:00,momentum,put,VRT,300.5299987792969,,,,,,50.610105988794615,,,0.8810798677118635,90.02450979027519,7.535994301072862,-7.691128783858092,1.3221508244796367,6.0,,put,ATR7.5%+2 vol1.3x+2 5d-8%+2
2026-07-03,2026-07-04T06:22:39+08:00,momentum,put,VST,151.0500030517578,,,,,,55.07202843033653,,,0.4546056259457544,35.7691045080036,4.748821089857136,-9.966025388870824,0.9298644253951462,4.0,,put,ATR4.7%+2 5d-10%+2
2026-07-03,2026-07-04T06:22:39+08:00,momentum,put,WDC,539.0,,,,,,50.78540989629602,,,1.2357344809084,100.0,12.89080051853838,-20.194259863233675,1.4448518028541673,6.0,,put,ATR12.9%+2 vol1.4x+2 5d-20%+2
2026-07-03,2026-07-04T06:21:30+08:00,swing,bearish,AAPL,308.6300048828125,100.0,high,1.0,strong,9.0,58.29293135375314,-0.5253673794582303,20.70738968408445,,,,,,,4.0,SKIP,struct-down+1 IVR-HIGH-2
2026-07-03,2026-07-04T06:21:30+08:00,swing,bearish,AMZN,242.6699981689453,66.27525793995002,high,1.0,neutral,4.0,50.88631042013413,-2.9397672097893013,15.68384098126443,,,,,,,9.0,SKIP,struct-down+1 IVR-HIGH-2
2026-07-03,2026-07-04T06:21:30+08:00,swing,bearish,ANET,159.99000549316406,59.69981261849564,high,1.0,strong,9.0,52.45790251046104,-8.246825730745243,26.2946046003659,,,,,,,3.0,SKIP,IVR-HIGH-2
2026-07-03,2026-07-04T06:21:30+08:00,swing,bearish,ASML,1769.3199462890625,100.0,high,1.0,strong,9.0,43.40240321663092,2.488470614589189,34.61465019322518,,,,,,,3.0,SKIP,IVR-HIGH-2
2026-07-03,2026-07-04T06:21:30+08:00,swing,bearish,AVGO,360.4500122070313,86.2805162609603,high,1.0,weak,0.0,41.6450519969167,-24.666553348689725,14.773643904553602,,,,,,,13.0,SKIP,struct-down+1 IVR-HIGH-2
2026-07-03,2026-07-04T06:21:30+08:00,swing,bearish,AXP,351.9599914550781,42.52787054394775,medium,1.0,moderate,6.0,84.32806998168942,17.418048579996046,17.570604904701035,,,,,,,9.0,WATCH,RSI-ext+1 struct-down+1 IVR-MED-1
2026-07-03,2026-07-04T06:21:30+08:00,swing,bearish,BKNG,184.5599975585937,60.32427057411538,high,1.0,strong,10.0,69.44909262381108,12.28545419201106,10.282724689903675,,,,,,,3.0,SKIP,RSI-ext+1 IVR-HIGH-2
2026-07-03,2026-07-04T06:21:30+08:00,swing,bearish,CAT,963.530029296875,97.445200882874,high,1.0,strong,11.0,57.1043553397583,4.032697414806763,34.59809322559557,,,,,,,2.0,SKIP,struct-down+1 IVR-HIGH-2
2026-07-03,2026-07-04T06:21:30+08:00,swing,bearish,CEG,239.25,0.0,low,1.0,weak,1.0,44.93893479525159,-10.47372820580752,-12.168568361413046,,,,,,,14.0,TRADE,struct-down+1
2026-07-03,2026-07-04T06:21:30+08:00,swing,bearish,COHR,333.3599853515625,82.49441086632817,high,1.0,neutral,3.0,45.02764286885688,-20.139905804400616,29.129214681867623,,,,,,,10.0,SKIP,struct-down+1 IVR-HIGH-2
2026-07-03,2026-07-04T06:21:30+08:00,swing,bearish,COIN,165.47999572753906,39.67977417172387,medium,1.0,neutral,3.0,53.383361797475295,1.384630860148084,-3.4877001937294816,,,,,,,11.0,OVERRIDE,struct-down+1 IVR-MED-1
2026-07-03,2026-07-04T06:21:30+08:00,swing,bearish,CRDO,241.9100036621093,91.33715386844749,high,1.0,strong,11.0,45.1306306405907,12.7260003643338,138.45245040818202,,,,,,,1.0,SKIP,IVR-HIGH-2
2026-07-03,2026-07-04T06:21:30+08:00,swing,bearish,DELL,394.3200073242188,29.84259902901162,low,1.0,strong,10.0,50.81575651172232,-6.355082193737638,126.83953135562268,,,,,,,4.0,TRADE,
2026-07-03,2026-07-04T06:21:30+08:00,swing,bearish,FCX,60.970001220703125,72.07148466392024,high,1.0,weak,0.0,36.15267361194449,-13.689125499004962,-0.4492419392632119,,,,,,,11.0,SKIP,RSI-OS-1 IVR-HIGH-2
2026-07-03,2026-07-04T06:21:30+08:00,swing,bearish,GS,1021.0,74.0525695262733,high,1.0,moderate,6.0,45.97182010546468,-1.92311570917384,18.82412583659772,,,,,,,6.0,SKIP,IVR-HIGH-2
2026-07-03,2026-07-04T06:21:30+08:00,swing,bearish,HIMS,36.79999923706055,38.44270746555169,medium,1.0,strong,11.0,69.61899556817517,33.769534463418324,92.26750475740997,,,,,,,4.0,WATCH,RSI-ext+1 struct-down+1 IVR-MED-1
2026-07-03,2026-07-04T06:21:30+08:00,swing,bearish,HLT,338.1199951171875,7.067882833260657,low,1.0,moderate,6.0,45.02396416500599,2.036997947751096,10.92874038917664,,,,,,,8.0,TRADE,
2026-07-03,2026-07-04T06:21:30+08:00,swing,bearish,LLY,1213.9100341796875,36.69735483358664,medium,1.0,strong,13.0,60.42110137976325,12.526187101450814,29.97281894284358,,,,,,,0.0,WATCH,IVR-MED-1
2026-07-03,2026-07-04T06:21:30+08:00,swing,bearish,MA,539.3900146484375,46.30718517349723,medium,1.0,moderate,8.0,76.88632461975592,14.386603459155122,9.500032308420202,,,,,,,6.0,WATCH,RSI-ext+1 IVR-MED-1
2026-07-03,2026-07-04T06:21:30+08:00,swing,bearish,MAR,372.9500122070313,16.281881467444233,low,1.0,neutral,5.0,27.398043326184137,-1.008623169998346,12.579815029679176,,,,,,,8.0,TRADE,RSI-OS-1
2026-07-03,2026-07-04T06:21:30+08:00,swing,bearish,META,582.9000244140625,100.0,high,1.0,neutral,4.0,53.53899664596091,-6.346869164290336,1.5632487447408971,,,,,,,9.0,SKIP,struct-down+1 IVR-HIGH-2
2026-07-03,2026-07-04T06:21:30+08:00,swing,bearish,MPWR,1288.1600341796875,96.38806545404891,high,1.0,weak,2.0,32.44509534048494,-23.656240468430862,15.345287439946452,,,,,,,10.0,SKIP,RSI-OS-1 struct-down+1 IVR-HIGH-2
2026-07-03,2026-07-04T06:21:30+08:00,swing,bearish,MRVL,245.2899932861328,76.23892862880962,high,1.0,moderate,7.0,42.265024054121255,-18.683905768515384,129.12218828574316,,,,,,,5.0,SKIP,IVR-HIGH-2
2026-07-03,2026-07-04T06:21:30+08:00,swing,bearish,MSFT,390.489990234375,72.62346894494944,high,1.0,neutral,5.0,50.06410542348838,-8.623111906047509,4.786526410543734,,,,,,,8.0,SKIP,struct-down+1 IVR-HIGH-2
2026-07-03,2026-07-04T06:21:30+08:00,swing,bearish,MU,975.5599975585938,100.0,high,1.0,strong,9.0,48.97250957724861,-9.634387200940042,166.37178450509592,,,,,,,3.0,SKIP,IVR-HIGH-2
2026-07-03,2026-07-04T06:21:30+08:00,swing,bearish,NBIS,215.6199951171875,81.77247830592013,high,1.0,moderate,8.0,48.40296980201639,-14.327717183720235,98.14371964884594,,,,,,,4.0,SKIP,IVR-HIGH-2
2026-07-03,2026-07-04T06:21:30+08:00,swing,bearish,NFLX,77.6500015258789,57.94322648844128,high,1.0,weak,1.0,42.885226137886974,-4.74729548153957,-21.295359169238925,,,,,,,12.0,OVERRIDE,struct-down+1 IVR-HIGH-2
2026-07-03,2026-07-04T06:21:30+08:00,swing,bearish,NUE,220.75,90.01236727628017,high,1.0,neutral,5.0,23.4874392522446,-14.138000739975164,28.315054419875963,,,,,,,6.0,SKIP,RSI-OS-1 IVR-HIGH-2
2026-07-03,2026-07-04T06:21:30+08:00,swing,bearish,NVDA,194.8300018310547,73.96844468215208,high,1.0,weak,0.0,40.41985540843898,-9.17016231652462,9.959457959367011,,,,,,,12.0,SKIP,IVR-HIGH-2
2026-07-03,2026-07-04T06:21:30+08:00,swing,bearish,NVO,50.43000030517578,21.25790545768788,low,1.0,strong,9.0,86.30754265741092,20.07142929803758,36.371013870829486,,,,,,,6.0,TRADE,RSI-ext+1
2026-07-03,2026-07-04T06:21:30+08:00,swing,bearish,NVTS,14.460000038146973,57.44810327498191,high,1.0,neutral,3.0,25.613599909974127,-53.11284057521775,64.31817869016953,,,,,,,7.0,SKIP,RSI-OS-1 1M-crash-1 IVR-HIGH-2
2026-07-03,2026-07-04T06:21:30+08:00,swing,bearish,PLTR,129.3000030517578,70.9960297441477,high,1.0,weak,2.0,48.49865224392635,-9.07172586028937,-12.90583510415516,,,,,,,11.0,SKIP,struct-down+1 IVR-HIGH-2
2026-07-03,2026-07-04T06:21:30+08:00,swing,bearish,QQQ,712.5999755859375,100.0,high,1.0,neutral,5.0,48.86812608406937,-4.142235408405693,21.949998699574703,,,,,,,8.0,SKIP,struct-down+1 IVR-HIGH-2
2026-07-03,2026-07-04T06:21:30+08:00,swing,bearish,RCL,296.29998779296875,52.80967951370744,high,1.0,moderate,8.0,54.23952308719997,3.449470673154331,8.862269325961902,,,,,,,4.0,SKIP,IVR-HIGH-2
2026-07-03,2026-07-04T06:21:30+08:00,swing,bearish,SMCI,27.21999931335449,89.60665150460659,high,1.0,weak,1.0,39.784946236559136,-42.59805912185698,17.22652936384663,,,,,,,10.0,SKIP,RSI-OS-1 1M-crash-1 struct-down+1 IVR-HIGH-2
2026-07-03,2026-07-04T06:21:30+08:00,swing,bearish,SPY,744.780029296875,82.38577262886935,high,1.0,moderate,7.0,55.70175507075085,-0.9998447148781842,13.85553432756943,,,,,,,6.0,SKIP,struct-down+1 IVR-HIGH-2
2026-07-03,2026-07-04T06:21:30+08:00,swing,bearish,STX,820.1599731445312,87.32149859311079,high,1.0,moderate,6.0,46.62238839814433,-12.750774545810597,91.15539862281348,,,,,,,6.0,SKIP,IVR-HIGH-2
2026-07-03,2026-07-04T06:21:30+08:00,swing,bearish,TSLA,393.4500122070313,100.0,high,1.0,weak,0.0,48.06649108354222,-7.139485279320468,9.112847334330688,,,,,,,13.0,SKIP,struct-down+1 IVR-HIGH-2
2026-07-03,2026-07-04T06:21:30+08:00,swing,bearish,TSM,434.1600036621094,99.719945934986,high,1.0,strong,12.0,53.1082295150535,-0.3465320110792702,28.35556732057245,,,,,,,0.0,SKIP,IVR-HIGH-2
2026-07-03,2026-07-04T06:21:30+08:00,swing,bearish,V,362.1300048828125,44.74757349447528,medium,1.0,strong,11.0,86.17735037478063,15.918697809836214,20.63855411152777,,,,,,,3.0,WATCH,RSI-ext+1 IVR-MED-1
2026-07-03,2026-07-04T06:21:30+08:00,swing,bearish,VRT,300.5299987792969,84.44646186298593,high,1.0,moderate,6.0,50.610105988794615,-9.307108518251406,15.041722302243986,,,,,,,7.0,SKIP,struct-down+1 IVR-HIGH-2
2026-07-03,2026-07-04T06:21:30+08:00,swing,bearish,VST,151.0500030517578,27.6179816779368,low,1.0,neutral,5.0,55.07202843033653,-1.6504954973706298,0.0539323462379837,,,,,,,9.0,TRADE,
2026-07-03,2026-07-04T06:21:30+08:00,swing,bearish,WDC,539.0,100.0,high,1.0,strong,12.0,50.78540989629602,-9.252405701525202,82.77808122439087,,,,,,,0.0,SKIP,IVR-HIGH-2
2026-07-03,2026-07-04T06:19:13+08:00,swing,bullish,AAPL,308.6300048828125,100.0,high,1.0,strong,9.0,58.29293135375314,-0.5253673794582303,20.70738968408445,,,,,,,7.0,SKIP,IVR-HIGH-2
2026-07-03,2026-07-04T06:19:13+08:00,swing,bullish,AMZN,242.6699981689453,66.27525793995002,high,1.0,neutral,4.0,50.88631042013413,-2.9397672097893013,15.68384098126443,,,,,,,3.0,SKIP,RSI-reset+1 IVR-HIGH-2
2026-07-03,2026-07-04T06:19:13+08:00,swing,bullish,ANET,159.99000549316406,59.69981261849564,high,1.0,strong,9.0,52.45790251046104,-8.246825730745243,26.2946046003659,,,,,,,8.0,OVERRIDE,RSI-reset+1 IVR-HIGH-2
2026-07-03,2026-07-04T06:19:13+08:00,swing,bullish,ASML,1769.3199462890625,100.0,high,1.0,strong,9.0,43.40240321663092,2.488470614589189,34.61465019322518,,,,,,,10.0,SKIP,HL-zone+2 RSI-reset+1 IVR-HIGH-2
2026-07-03,2026-07-04T06:19:13+08:00,swing,bullish,AVGO,360.4500122070313,86.28050323348589,high,1.0,weak,0.0,41.6450519969167,-24.666553348689725,14.773643904553602,,,,,,,-1.0,SKIP,RSI-reset+1 IVR-HIGH-2
2026-07-03,2026-07-04T06:19:13+08:00,swing,bullish,AXP,351.9599914550781,42.52793674908914,medium,1.0,moderate,6.0,84.32806998168942,17.418048579996046,17.570604904701035,,,,,,,3.0,OVERRIDE,RSI-OB-2 IVR-MED-1
2026-07-03,2026-07-04T06:19:13+08:00,swing,bullish,BKNG,184.5599975585937,60.32427057411539,high,1.0,strong,10.0,69.44909262381108,12.28545419201106,10.282724689903675,,,,,,,7.0,OVERRIDE,RSI-ext-1 IVR-HIGH-2
2026-07-03,2026-07-04T06:19:13+08:00,swing,bullish,CAT,963.530029296875,97.44519837279113,high,1.0,strong,11.0,57.1043553397583,4.032697414806763,34.59809322559557,,,,,,,9.0,SKIP,IVR-HIGH-2
2026-07-03,2026-07-04T06:19:13+08:00,swing,bullish,CEG,239.25,0.0,low,1.0,weak,1.0,44.93893479525159,-10.47372820580752,-12.168568361413046,,,,,,,2.0,TRADE,RSI-reset+1
2026-07-03,2026-07-04T06:19:13+08:00,swing,bullish,COHR,333.3599853515625,82.49441086632817,high,1.0,neutral,3.0,45.02764286885688,-20.139905804400616,29.129214681867623,,,,,,,2.0,SKIP,RSI-reset+1 IVR-HIGH-2
2026-07-03,2026-07-04T06:19:13+08:00,swing,bullish,COIN,165.47999572753906,39.67977417172387,medium,1.0,neutral,3.0,53.383361797475295,1.384630860148084,-3.4877001937294816,,,,,,,3.0,WATCH,RSI-reset+1 IVR-MED-1
2026-07-03,2026-07-04T06:19:13+08:00,swing,bullish,CRDO,241.9100036621093,91.33715386844749,high,1.0,strong,11.0,45.1306306405907,12.7260003643338,138.45245040818202,,,,,,,10.0,SKIP,RSI-reset+1 IVR-HIGH-2
2026-07-03,2026-07-04T06:19:13+08:00,swing,bullish,DELL,394.3200073242188,29.84259626428562,low,1.0,strong,10.0,50.81575651172232,-6.355082193737638,126.83953135562268,,,,,,,11.0,TRADE,RSI-reset+1
2026-07-03,2026-07-04T06:19:13+08:00,swing,bullish,FCX,60.970001220703125,72.07148466392024,high,1.0,weak,0.0,36.15267361194449,-13.689125499004962,-0.4492419392632119,,,,,,,-1.0,SKIP,RSI-reset+1 IVR-HIGH-2
2026-07-03,2026-07-04T06:19:13+08:00,swing,bullish,GS,1021.0,74.05263528122681,high,1.0,moderate,6.0,45.97182010546468,-1.92311570917384,18.82412583659772,,,,,,,7.0,SKIP,HL-zone+2 RSI-reset+1 IVR-HIGH-2
2026-07-03,2026-07-04T06:19:13+08:00,swing,bullish,HIMS,36.79999923706055,38.44270746555169,medium,1.0,strong,11.0,69.61899556817517,33.769534463418324,92.26750475740997,,,,,,,8.0,OVERRIDE,RSI-ext-1 1M-chase-1 IVR-MED-1
2026-07-03,2026-07-04T06:19:13+08:00,swing,bullish,HLT,338.1199951171875,7.0678828332606525,low,1.0,moderate,6.0,45.02396416500599,2.036997947751096,10.92874038917664,,,,,,,7.0,TRADE,RSI-reset+1
2026-07-03,2026-07-04T06:19:13+08:00,swing,bullish,LLY,1213.9100341796875,36.69735483358666,medium,1.0,strong,13.0,60.42110137976325,12.526187101450814,29.97281894284358,,,,,,,12.0,OVERRIDE,IVR-MED-1
2026-07-03,2026-07-04T06:19:13+08:00,swing,bullish,MA,539.3900146484375,46.30726395380287,medium,1.0,moderate,8.0,76.88632461975592,14.386603459155122,9.500032308420202,,,,,,,5.0,OVERRIDE,RSI-OB-2 IVR-MED-1
2026-07-03,2026-07-04T06:19:13+08:00,swing,bullish,MAR,372.9500122070313,16.28186460338154,low,1.0,neutral,5.0,27.398043326184137,-1.008623169998346,12.579815029679176,,,,,,,6.0,TRADE,RSI-reset+1
2026-07-03,2026-07-04T06:19:13+08:00,swing,bullish,META,582.9000244140625,100.0,high,1.0,neutral,4.0,53.53899664596091,-6.346869164290336,1.5632487447408971,,,,,,,3.0,SKIP,RSI-reset+1 IVR-HIGH-2
2026-07-03,2026-07-04T06:19:13+08:00,swing,bullish,MPWR,1288.1600341796875,96.38806508984108,high,1.0,weak,2.0,32.44509534048494,-23.656240468430862,15.345287439946452,,,,,,,1.0,SKIP,RSI-reset+1 IVR-HIGH-2
2026-07-03,2026-07-04T06:19:13+08:00,swing,bullish,MRVL,245.2899932861328,76.23892945221978,high,1.0,moderate,7.0,42.265024054121255,-18.683905768515384,129.12218828574316,,,,,,,6.0,SKIP,RSI-reset+1 IVR-HIGH-2
2026-07-03,2026-07-04T06:19:13+08:00,swing,bullish,MSFT,390.489990234375,72.62346045444359,high,1.0,neutral,5.0,50.06410542348838,-8.623111906047509,4.786526410543734,,,,,,,4.0,SKIP,RSI-reset+1 IVR-HIGH-2
2026-07-03,2026-07-04T06:19:13+08:00,swing,bullish,MU,975.5599975585938,100.0,high,1.0,strong,9.0,48.97250957724861,-9.634387200940042,166.37178450509592,,,,,,,8.0,SKIP,RSI-reset+1 IVR-HIGH-2
2026-07-03,2026-07-04T06:19:13+08:00,swing,bullish,NBIS,215.6199951171875,81.77247830592013,high,1.0,moderate,8.0,48.40296980201639,-14.327717183720235,98.14371964884594,,,,,,,9.0,SKIP,HL-zone+2 RSI-reset+1 IVR-HIGH-2
2026-07-03,2026-07-04T06:19:13+08:00,swing,bullish,NFLX,77.6500015258789,57.94322648844128,high,1.0,weak,1.0,42.885226137886974,-4.74729548153957,-21.295359169238925,,,,,,,0.0,SKIP,RSI-reset+1 IVR-HIGH-2
2026-07-03,2026-07-04T06:19:13+08:00,swing,bullish,NUE,220.75,90.01236288474625,high,1.0,neutral,5.0,23.4874392522446,-14.138000739975164,28.315054419875963,,,,,,,4.0,SKIP,RSI-reset+1 IVR-HIGH-2
2026-07-03,2026-07-04T06:19:13+08:00,swing,bullish,NVDA,194.8300018310547,73.9684446821521,high,1.0,weak,0.0,40.41985540843898,-9.17016231652462,9.959457959367011,,,,,,,-1.0,SKIP,RSI-reset+1 IVR-HIGH-2
2026-07-03,2026-07-04T06:19:13+08:00,swing,bullish,NVO,50.43000030517578,21.25790545768788,low,1.0,strong,9.0,86.30754265741092,20.07142929803758,36.371013870829486,,,,,,,7.0,TRADE,RSI-OB-2
2026-07-03,2026-07-04T06:19:13+08:00,swing,bullish,NVTS,14.460000038146973,57.44810327498191,high,1.0,neutral,3.0,25.613599909974127,-53.11284057521775,64.31817869016953,,,,,,,2.0,SKIP,RSI-reset+1 IVR-HIGH-2
2026-07-03,2026-07-04T06:19:13+08:00,swing,bullish,PLTR,129.3000030517578,70.9960297441477,high,1.0,weak,2.0,48.49865224392635,-9.07172586028937,-12.90583510415516,,,,,,,1.0,SKIP,RSI-reset+1 IVR-HIGH-2
2026-07-03,2026-07-04T06:19:13+08:00,swing,bullish,QQQ,712.5999755859375,100.0,high,1.0,neutral,5.0,48.86812608406937,-4.142235408405693,21.949998699574703,,,,,,,6.0,SKIP,HL-zone+2 RSI-reset+1 IVR-HIGH-2
2026-07-03,2026-07-04T06:19:13+08:00,swing,bullish,RCL,296.29998779296875,52.80972525441027,high,1.0,moderate,8.0,54.23952308719997,3.449470673154331,8.862269325961902,,,,,,,7.0,SKIP,RSI-reset+1 IVR-HIGH-2
2026-07-03,2026-07-04T06:19:13+08:00,swing,bullish,SMCI,27.21999931335449,89.60665150460659,high,1.0,weak,1.0,39.784946236559136,-42.59805912185698,17.22652936384663,,,,,,,0.0,SKIP,RSI-reset+1 IVR-HIGH-2
2026-07-03,2026-07-04T06:19:13+08:00,swing,bullish,SPY,744.780029296875,82.38581903373078,high,1.0,moderate,7.0,55.70175507075085,-0.9998447148781842,13.85553432756943,,,,,,,7.0,SKIP,HL-zone+2 IVR-HIGH-2
2026-07-03,2026-07-04T06:19:13+08:00,swing,bullish,STX,820.1599731445312,87.3214985931108,high,1.0,moderate,6.0,46.62238839814433,-12.750774545810597,91.15539862281348,,,,,,,7.0,SKIP,HL-zone+2 RSI-reset+1 IVR-HIGH-2
2026-07-03,2026-07-04T06:19:13+08:00,swing,bullish,TSLA,393.4500122070313,100.0,high,1.0,weak,0.0,48.06649108354222,-7.139485279320468,9.112847334330688,,,,,,,1.0,SKIP,HL-zone+2 RSI-reset+1 IVR-HIGH-2
2026-07-03,2026-07-04T06:19:13+08:00,swing,bullish,TSM,434.1600036621094,99.71994594408642,high,1.0,strong,12.0,53.1082295150535,-0.3465320110792702,28.35556732057245,,,,,,,11.0,SKIP,RSI-reset+1 IVR-HIGH-2
2026-07-03,2026-07-04T06:19:13+08:00,swing,bullish,V,362.1300048828125,44.74764173017027,medium,1.0,strong,11.0,86.17735037478063,15.918697809836214,20.63855411152777,,,,,,,8.0,OVERRIDE,RSI-OB-2 IVR-MED-1
2026-07-03,2026-07-04T06:19:13+08:00,swing,bullish,VRT,300.5299987792969,84.44638131259042,high,1.0,moderate,6.0,50.610105988794615,-9.307108518251406,15.041722302243986,,,,,,,5.0,SKIP,RSI-reset+1 IVR-HIGH-2
2026-07-03,2026-07-04T06:19:13+08:00,swing,bullish,VST,151.0500030517578,27.6179816779368,low,1.0,neutral,5.0,55.07202843033653,-1.6504954973706298,0.0539323462379837,,,,,,,5.0,TRADE,
2026-07-03,2026-07-04T06:19:13+08:00,swing,bullish,WDC,539.0,100.0,high,1.0,strong,12.0,50.78540989629602,-9.252405701525202,82.77808122439087,,,,,,,11.0,SKIP,RSI-reset+1 IVR-HIGH-2
2026-07-06,2026-07-07T06:45:21+08:00,momentum,call,AAPL,312.6600036621094,,,,,,63.817223570333205,,,0.3894494041988244,100.0,2.852255432106393,10.176899361139702,1.456433759543163,8.0,,call,ATR2.9%+1 vol1.5x+2 5d+10%+2 @20dHi+2 RSImom+1
2026-07-06,2026-07-07T06:45:21+08:00,momentum,call,AMZN,244.1600036621093,,,,,,54.38486516244743,,,0.3686571492221635,64.74183822661095,3.457918384871058,4.929305556903496,1.5569423270072238,6.0,,call,ATR3.5%+1 vol1.6x+2 5d+5%+1 @20dHi+2
2026-07-06,2026-07-07T06:45:21+08:00,momentum,call,ANET,173.27999877929688,,,,,,56.31605289434282,,,0.6485399243971601,80.34735703368429,5.565063295368599,9.94923354602044,0.8817873696939184,7.0,,call,ATR5.6%+2 5d+10%+2 @20dHi+2 RSImom+1
2026-07-06,2026-07-07T06:45:21+08:00,momentum,call,ASML,1825.0699462890625,,,,,,48.08792642687798,,,0.7810155401633113,100.0,5.513213564284889,1.6967353119169193,1.191938059457729,3.0,,call,ATR5.5%+2 vol1.2x+1
2026-07-06,2026-07-07T06:45:21+08:00,momentum,call,AVGO,373.8999938964844,,,,,,47.5848072322911,,,0.5831377509896986,65.47192914666633,4.415160008617503,2.432744822223931,1.0032691788677064,3.0,,call,ATR4.4%+2 5d+2%+1
2026-07-06,2026-07-07T06:45:21+08:00,momentum,call,AXP,356.0299987792969,,,,,,83.37722213341634,,,0.2055424985827861,20.42662109693524,2.252317617002766,4.890289656883762,1.0367777622649288,2.0,,call,5d+5%+1 @20dHi+2 RSIexh-1
2026-07-06,2026-07-07T01:35:57+08:00,momentum,call,BKNG,182.5249938964844,,,,,,66.10495548271405,,,0.4155046095652372,60.300091570158266,3.690296473919356,0.5868991200339346,1.144871807905882,5.0,,call,ATR3.7%+1 vol1.1x+1 @20dHi+2 RSImom+1
2026-07-06,2026-07-07T06:45:21+08:00,momentum,call,COIN,168.8699951171875,,,,,,55.874370231996025,,,0.7028638378961398,38.64918268839239,6.515155497170961,13.289948935365214,0.9694708376334972,7.0,,call,ATR6.5%+2 5d+13%+2 @20dHi+2 RSImom+1
2026-07-06,2026-07-07T06:45:21+08:00,momentum,call,CRDO,265.54998779296875,,,,,,53.016533601935976,,,1.1756799821669204,100.0,11.060333165251466,11.575625123096112,1.3368090836081268,6.0,,call,ATR11.1%+2 vol1.3x+2 5d+12%+2
2026-07-06,2026-07-07T06:45:21+08:00,momentum,call,DELL,411.7999877929688,,,,,,54.28752015478878,,,0.6378642282406897,35.433079189656084,7.62141811482245,3.0814282859432,0.8577052580415737,3.0,,call,ATR7.6%+2 5d+3%+1
2026-07-06,2026-07-07T06:45:21+08:00,momentum,call,GS,1055.2900390625,,,,,,48.0254208646506,,,0.3556080709143596,71.34968332358369,2.926142045966068,3.4993825309228344,0.993094126172044,2.0,,call,ATR2.9%+1 5d+3%+1
2026-07-06,2026-07-07T06:45:21+08:00,momentum,call,HIMS,38.27999877929688,,,,,,79.17515132539368,,,0.8614051347371324,36.12113836458475,7.483021991425785,12.787272622847246,0.7837625829228589,5.0,,call,ATR7.5%+2 5d+13%+2 @20dHi+2 RSIexh-1
2026-07-06,2026-07-07T06:45:21+08:00,momentum,call,HLT,339.4100036621094,,,,,,40.59803223912866,,,0.1671514695066043,14.97972701593348,2.3017877304378205,1.96779985543436,1.63848228919545,3.0,,call,vol1.6x+2 nrHi+1
2026-07-06,2026-07-07T06:45:21+08:00,momentum,call,MA,533.0999755859375,,,,,,71.3127535778058,,,0.237367262118995,52.365639013708666,2.3986386527875205,6.829383055301208,1.1280275964623423,6.0,,call,vol1.1x+1 5d+7%+2 @20dHi+2 RSImom+1
2026-07-06,2026-07-07T06:45:21+08:00,momentum,call,MAR,379.75,,,,,,28.94104429756858,,,0.2239226195542378,28.025755999036107,2.5246007326101525,0.6466837500183953,1.1466058110411637,2.0,,call,ATR2.5%+1 vol1.1x+1
2026-07-06,2026-07-07T06:45:21+08:00,momentum,call,META,600.2899780273438,,,,,,57.42599032985498,,,0.5415049626221048,99.89723078238492,3.924829711017437,9.094044166714,1.0799733669835228,5.0,,call,ATR3.9%+1 5d+9%+2 nrHi+1 RSImom+1
2026-07-06,2026-07-07T06:45:21+08:00,momentum,call,MPWR,1346.1300048828125,,,,,,37.25112019041877,,,0.8982394985068964,98.09188538465548,7.707902791527803,2.6546485370114503,1.599091898443575,5.0,,call,ATR7.7%+2 vol1.6x+2 5d+3%+1
2026-07-06,2026-07-07T06:45:21+08:00,momentum,call,MSFT,386.739990234375,,,,,,48.33804258461564,,,0.3867872419611455,71.8581979797782,3.4009552054725707,3.691982992895859,1.4492854210056876,4.0,,call,ATR3.4%+1 vol1.4x+2 5d+4%+1
2026-07-06,2026-07-07T06:45:21+08:00,momentum,call,NFLX,76.0199966430664,,,,,,41.73679981530672,,,0.4173443130549354,58.7123194931694,3.686059103852776,2.994173089788088,1.31990105442179,4.0,,call,ATR3.7%+1 vol1.3x+2 5d+3%+1
2026-07-06,2026-07-07T06:45:21+08:00,momentum,call,NVDA,195.5500030517578,,,,,,40.87121322682622,,,0.4015713911722977,69.30557279183587,3.2395807085256982,1.5685889428186606,0.8905675753474221,1.0,,call,ATR3.2%+1
2026-07-06,2026-07-07T06:45:21+08:00,momentum,call,NVO,49.2599983215332,,,,,,76.89998626708984,,,0.3734568031262176,17.817259740561543,2.8797640945640053,2.475553638992656,0.9111536035966163,3.0,,call,ATR2.9%+1 5d+2%+1 nrHi+1
2026-07-06,2026-07-07T06:45:21+08:00,momentum,call,PLTR,132.5399932861328,,,,,,53.82802812617985,,,0.6001473365922282,70.37213812776177,5.126178669478854,17.364732956667027,1.175515897685043,6.0,,call,ATR5.1%+2 vol1.2x+1 5d+17%+2 nrHi+1
2026-07-06,2026-07-07T06:45:21+08:00,momentum,call,QQQ,722.8200073242188,,,,,,50.66467714712039,,,0.3528475461648755,100.0,2.383630820644431,2.3070808105031704,1.0174085438912788,2.0,,call,5d+2%+1 nrHi+1
2026-07-06,2026-07-07T06:45:21+08:00,momentum,call,SPY,751.280029296875,,,,,,57.085109955183,,,0.1840210275282738,86.4078607603569,1.3894201216446591,3.057660511268967,1.0332148442593077,4.0,,call,5d+3%+1 @20dHi+2 RSImom+1
2026-07-06,2026-07-07T06:45:21+08:00,momentum,call,TSLA,419.7699890136719,,,,,,54.00745117762454,,,0.6698081671987203,76.37282761887015,4.700703050182364,10.55015629298579,0.9369807234815544,6.0,,call,ATR4.7%+2 5d+11%+2 @20dHi+2
2026-07-06,2026-07-07T06:45:21+08:00,momentum,call,TSM,451.7900085449219,,,,,,56.18177339174298,,,0.6705589257425862,100.0,5.128251978907415,4.4963576192830645,1.11487513355698,5.0,,call,ATR5.1%+2 vol1.1x+1 5d+4%+1 RSImom+1
2026-07-06,2026-07-07T06:45:21+08:00,momentum,call,V,357.25,,,,,,78.5363258005366,,,0.219995146681866,42.54384321093177,2.3544914064843048,6.251669490183187,1.2967637151448046,4.0,,call,vol1.3x+1 5d+6%+2 @20dHi+2 RSIexh-1
2026-07-06,2026-07-07T06:45:21+08:00,momentum,call,VRT,318.4700012207031,,,,,,53.32967611423759,,,0.9055639423947028,93.94606253507266,7.532284841588309,4.777097690584009,1.3229462472350295,5.0,,call,ATR7.5%+2 vol1.3x+2 5d+5%+1
2026-07-06,2026-07-07T06:45:21+08:00,momentum,put,BKNG,181.02999877929688,,,,,,64.3430256219409,,,0.4205713949363018,61.47958299461481,3.74957521489352,-0.2369711885045644,1.1840382456820455,2.0,,put,ATR3.7%+1 vol1.2x+1
2026-07-06,2026-07-07T06:45:21+08:00,momentum,put,CAT,969.9199829101562,,,,,,56.48988078091875,,,0.6137159702930491,99.61277329791568,4.6458170752393535,-2.7619866865313814,1.473149678616956,5.0,,put,ATR4.6%+2 vol1.5x+2 5d-3%+1
2026-07-06,2026-07-07T06:45:21+08:00,momentum,put,CEG,245.8699951171875,,,,,,44.61580304638594,,,0.4063878207606426,48.17646979704137,4.230224933824115,-6.874477180417015,1.0405714611105163,6.0,,put,ATR4.2%+2 5d-7%+2 nrLo+1 RSImom+1
2026-07-06,2026-07-07T06:45:21+08:00,momentum,put,COHR,335.70001220703125,,,,,,41.33862803272197,,,1.0755903658510115,89.3707157284883,10.83003277103885,-11.787887754717453,0.9255020576724536,7.0,,put,ATR10.8%+2 5d-12%+2 @20dLo+2 RSImom+1
2026-07-06,2026-07-07T06:45:21+08:00,momentum,put,FCX,61.0,,,,,,28.645520709520568,,,0.5751957185151145,57.75376047932171,4.199063750005718,-2.321858679303568,1.0484121367542805,6.0,,put,ATR4.2%+2 5d-2%+1 @20dLo+2 RSImom+1
2026-07-06,2026-07-07T06:45:21+08:00,momentum,put,LLY,1200.06005859375,,,,,,63.97083132850004,,,0.3232571112489801,31.20011408131996,3.1607348404542392,-0.6671470181780825,1.028175293744263,1.0,,put,ATR3.2%+1
2026-07-06,2026-07-07T01:35:57+08:00,momentum,put,MAR,376.3800048828125,,,,,,24.221528416400588,,,0.216098527427121,24.606931866664727,2.487046019959566,-0.2464797333224244,1.0927491010692676,1.0,,put,nrLo+1
2026-07-06,2026-07-07T06:45:21+08:00,momentum,put,MRVL,249.2700042724609,,,,,,43.43982949736394,,,1.2878176699832524,77.38249700612549,11.085226424924697,-6.559952566596261,0.8250241782196013,6.0,,put,ATR11.1%+2 5d-7%+2 nrLo+1 RSImom+1
2026-07-06,2026-07-07T06:45:21+08:00,momentum,put,MU,984.75,,,,,,50.15967362841948,,,1.3256652132052698,97.2652878470569,10.767347540364442,-13.033299637226936,1.113953830369652,5.0,,put,ATR10.8%+2 vol1.1x+1 5d-13%+2
2026-07-06,2026-07-07T06:45:21+08:00,momentum,put,NBIS,213.0200042724609,,,,,,45.15870773791799,,,1.1370767488466875,56.50061419716923,13.760876072273124,-11.352475419411912,0.9611658873274832,6.0,,put,ATR13.8%+2 5d-11%+2 @20dLo+2
2026-07-06,2026-07-07T06:45:21+08:00,momentum,put,NUE,223.9199981689453,,,,,,21.08692332598133,,,0.3842195151941037,89.01589376215841,3.8117321835456375,-6.385045206527318,1.1522207863055265,4.0,,put,ATR3.8%+1 vol1.2x+1 5d-6%+2 nrLo+1 RSIexh-1
2026-07-06,2026-07-07T06:45:21+08:00,momentum,put,NVTS,15.229999542236328,,,,,,23.643413813663145,,,1.2468703381458035,55.86501848426779,13.292798043852097,-11.965316682730286,0.6532853881429291,4.0,,put,ATR13.3%+2 5d-12%+2
2026-07-06,2026-07-07T06:45:21+08:00,momentum,put,RCL,287.7799987792969,,,,,,46.71510917030568,,,0.5626060995607725,62.11322023412512,5.058180354212422,-9.540126878222466,0.9850540692019192,4.0,,put,ATR5.1%+2 5d-10%+2
2026-07-06,2026-07-07T06:45:21+08:00,momentum,put,SMCI,27.190000534057617,,,,,,42.48966750539197,,,1.5527730281728884,91.23384620383187,9.018335088609136,-11.23081528227795,1.0893711633856404,7.0,,put,ATR9.0%+2 5d-11%+2 @20dLo+2 RSImom+1
2026-07-06,2026-07-07T06:45:21+08:00,momentum,put,STX,868.260009765625,,,,,,45.46967634733013,,,1.004974138687883,98.9465200594261,10.670490116265652,-3.515947748644499,1.2013117329710925,4.0,,put,ATR10.7%+2 vol1.2x+1 5d-4%+1
2026-07-06,2026-07-07T06:45:21+08:00,momentum,put,VST,157.22000122070312,,,,,,58.94422519419872,,,0.477199534965355,40.79695150575312,4.656763970770243,-3.835099432254352,0.826262523399955,3.0,,put,ATR4.7%+2 5d-4%+1
2026-07-06,2026-07-07T06:45:21+08:00,momentum,put,WDC,577.4600219726562,,,,,,51.16619018413323,,,1.258115444030813,100.0,12.26726612347531,-1.5329508137517656,1.3382530154582857,4.0,,put,ATR12.3%+2 vol1.3x+2
2026-07-06,2026-07-07T06:44:11+08:00,swing,bearish,AAPL,312.6600036621094,99.63465530910948,high,1.0,strong,9.0,63.817223570333205,0.4594649054727728,20.89472720329988,,,,,,,4.0,SKIP,struct-down+1 IVR-HIGH-2
2026-07-06,2026-07-07T06:44:11+08:00,swing,bearish,AMZN,244.1600036621093,63.472566538934814,high,1.0,neutral,4.0,54.38486516244743,-3.79447175963562,14.742239468842966,,,,,,,9.0,SKIP,struct-down+1 IVR-HIGH-2
2026-07-06,2026-07-07T06:44:11+08:00,swing,bearish,ANET,173.27999877929688,76.75529110061514,high,1.0,strong,9.0,56.31605289434282,4.379256980314872,37.251484181621294,,,,,,,3.0,SKIP,IVR-HIGH-2
2026-07-06,2026-07-07T06:44:11+08:00,swing,bearish,ASML,1825.0699462890625,100.0,high,1.0,strong,9.0,48.08792642687798,3.846437020991722,40.26397745114816,,,,,,,3.0,SKIP,IVR-HIGH-2
2026-07-06,2026-07-07T06:44:11+08:00,swing,bearish,AVGO,373.8999938964844,91.13850993197232,high,1.0,weak,0.0,47.5848072322911,-10.603289916084114,19.10179303683566,,,,,,,13.0,SKIP,struct-down+1 IVR-HIGH-2
2026-07-06,2026-07-07T06:44:11+08:00,swing,bearish,AXP,356.0299987792969,29.002815852975267,low,1.0,moderate,6.0,83.37722213341634,14.230503280810217,16.7711993779885,,,,,,,10.0,TRADE,RSI-ext+1 struct-down+1
2026-07-06,2026-07-07T06:44:11+08:00,swing,bearish,BKNG,181.02999877929688,61.08285090336668,high,1.0,moderate,8.0,64.3430256219409,8.355773533897759,3.0053309507092285,,,,,,,4.0,SKIP,IVR-HIGH-2
2026-07-06,2026-07-07T06:44:11+08:00,swing,bearish,CAT,969.9199829101562,96.8634029587644,high,1.0,strong,11.0,56.48988078091875,3.130316758761076,34.73552827279385,,,,,,,2.0,SKIP,struct-down+1 IVR-HIGH-2
2026-07-06,2026-07-07T06:44:11+08:00,swing,bearish,CEG,245.8699951171875,5.748437544820853,low,1.0,weak,0.0,44.61580304638594,-7.075097879663228,-10.505888615284542,,,,,,,15.0,TRADE,struct-down+1
2026-07-06,2026-07-07T06:44:11+08:00,swing,bearish,COHR,335.70001220703125,82.68484869374174,high,1.0,neutral,3.0,41.33862803272197,-20.43137779959362,32.572470811434705,,,,,,,10.0,SKIP,struct-down+1 IVR-HIGH-2
2026-07-06,2026-07-07T06:44:11+08:00,swing,bearish,COIN,168.8699951171875,35.86587159290028,medium,1.0,neutral,3.0,55.874370231996025,2.88794863423012,-3.3869205311165773,,,,,,,11.0,OVERRIDE,struct-down+1 IVR-MED-1
2026-07-06,2026-07-07T06:44:11+08:00,swing,bearish,CRDO,265.54998779296875,93.48904516116544,high,1.0,strong,14.0,53.016533601935976,22.09194841056035,159.17430232849927,,,,,,,-2.0,SKIP,IVR-HIGH-2
2026-07-06,2026-07-07T06:44:11+08:00,swing,bearish,DELL,411.7999877929688,31.05834455839728,medium,1.0,strong,10.0,54.28752015478878,-2.4286222714045014,138.52302993102222,,,,,,,3.0,WATCH,IVR-MED-1
2026-07-06,2026-07-07T06:44:11+08:00,swing,bearish,FCX,61.0,72.07297957457195,high,1.0,weak,0.0,28.645520709520568,-12.469510886748214,0.1381199554529422,,,,,,,11.0,SKIP,RSI-OS-1 IVR-HIGH-2
2026-07-06,2026-07-07T06:44:11+08:00,swing,bearish,GS,1055.2900390625,79.06915475290029,high,1.0,moderate,7.0,48.0254208646506,-3.4156695242954727,21.850938622121376,,,,,,,5.0,SKIP,IVR-HIGH-2
2026-07-06,2026-07-07T06:44:11+08:00,swing,bearish,HIMS,38.27999877929688,38.6866847198737,medium,1.0,strong,9.0,79.17515132539368,36.66547114064418,88.2931575157558,,,,,,,6.0,WATCH,RSI-ext+1 struct-down+1 IVR-MED-1
2026-07-06,2026-07-07T06:44:11+08:00,swing,bearish,HLT,339.4100036621094,6.601720963793651,low,1.0,moderate,6.0,40.59803223912866,0.3726185977725338,10.651654419171663,,,,,,,8.0,TRADE,
2026-07-06,2026-07-07T06:44:11+08:00,swing,bearish,LLY,1200.06005859375,37.87797648116472,medium,1.0,strong,10.0,63.97083132850004,6.646408218860667,29.670776250558184,,,,,,,3.0,WATCH,IVR-MED-1
2026-07-06,2026-07-07T06:44:11+08:00,swing,bearish,MA,533.0999755859375,45.68326639697854,medium,1.0,strong,10.0,71.3127535778058,10.656751241201867,6.48377076201343,,,,,,,4.0,WATCH,RSI-ext+1 IVR-MED-1
2026-07-06,2026-07-07T06:44:11+08:00,swing,bearish,MAR,379.75,20.090930430957567,low,1.0,moderate,6.0,28.94104429756858,-1.4404329013243844,12.573842487152564,,,,,,,7.0,TRADE,RSI-OS-1
2026-07-06,2026-07-07T06:44:11+08:00,swing,bearish,META,600.2899780273438,97.08471341819308,high,1.0,neutral,3.0,57.42599032985498,-4.25827537486666,4.856078579335499,,,,,,,10.0,SKIP,struct-down+1 IVR-HIGH-2
2026-07-06,2026-07-07T06:44:11+08:00,swing,bearish,MPWR,1346.1300048828125,96.97963339407896,high,1.0,weak,2.0,37.25112019041877,-18.42043121370161,14.249966250794266,,,,,,,10.0,SKIP,RSI-OS-1 struct-down+1 IVR-HIGH-2
2026-07-06,2026-07-07T06:44:11+08:00,swing,bearish,MRVL,249.2700042724609,75.6737158088737,high,1.0,moderate,6.0,43.43982949736394,-21.224280238230577,127.73698195951992,,,,,,,6.0,SKIP,IVR-HIGH-2
2026-07-06,2026-07-07T06:44:11+08:00,swing,bearish,MSFT,386.739990234375,68.82247416319129,high,1.0,weak,2.0,48.33804258461564,-9.650741440640765,3.94165086069902,,,,,,,11.0,OVERRIDE,struct-down+1 IVR-HIGH-2
2026-07-06,2026-07-07T06:44:11+08:00,swing,bearish,MU,984.75,99.90272463451284,high,1.0,strong,12.0,50.15967362841948,-1.1295180722891596,160.68137826737455,,,,,,,0.0,SKIP,IVR-HIGH-2
2026-07-06,2026-07-07T06:44:11+08:00,swing,bearish,NBIS,213.0200042724609,81.03176839189601,high,1.0,neutral,5.0,45.15870773791799,-17.965112158880846,89.28381245736261,,,,,,,7.0,SKIP,IVR-HIGH-2
2026-07-06,2026-07-07T06:44:11+08:00,swing,bearish,NFLX,76.0199966430664,57.848645788718464,high,1.0,weak,1.0,41.73679981530672,-6.792546691222412,-23.15779196546791,,,,,,,12.0,OVERRIDE,struct-down+1 IVR-HIGH-2
2026-07-06,2026-07-07T06:44:11+08:00,swing,bearish,NUE,223.9199981689453,93.9569965596758,high,1.0,neutral,5.0,21.08692332598133,-14.415912827388643,32.360360821901565,,,,,,,6.0,SKIP,RSI-OS-1 IVR-HIGH-2
2026-07-06,2026-07-07T06:44:11+08:00,swing,bearish,NVDA,195.5500030517578,67.65665274860756,high,1.0,weak,0.0,40.87121322682622,-10.568919886264592,10.210494053195562,,,,,,,13.0,OVERRIDE,struct-down+1 IVR-HIGH-2
2026-07-06,2026-07-07T06:44:11+08:00,swing,bearish,NVO,49.2599983215332,21.495903044062665,low,1.0,strong,9.0,76.89998626708984,12.59428187779017,34.33324456298985,,,,,,,6.0,TRADE,RSI-ext+1
2026-07-06,2026-07-07T06:44:11+08:00,swing,bearish,NVTS,15.229999542236328,44.53144675878588,medium,1.0,neutral,3.0,23.643413813663145,-50.342355708019056,72.3825634009915,,,,,,,8.0,OVERRIDE,RSI-OS-1 1M-crash-1 IVR-MED-1
2026-07-06,2026-07-07T06:44:11+08:00,swing,bearish,PLTR,132.5399932861328,62.905017921174846,high,1.0,neutral,5.0,53.82802812617985,-6.464364050378347,-10.403569358229303,,,,,,,8.0,SKIP,struct-down+1 IVR-HIGH-2
2026-07-06,2026-07-07T06:44:11+08:00,swing,bearish,QQQ,722.8200073242188,100.0,high,1.0,strong,9.0,50.66467714712039,-2.2948173368268265,22.95910251884461,,,,,,,3.0,SKIP,IVR-HIGH-2
2026-07-06,2026-07-07T06:44:11+08:00,swing,bearish,RCL,287.7799987792969,54.40820780962372,high,1.0,neutral,5.0,46.71510917030568,-1.8753409788912825,4.381569110412076,,,,,,,7.0,SKIP,IVR-HIGH-2
2026-07-06,2026-07-07T06:44:11+08:00,swing,bearish,SMCI,27.190000534057617,89.57189146539898,high,1.0,weak,2.0,42.48966750539197,-42.02558710141092,23.310664285003742,,,,,,,10.0,SKIP,1M-crash-1 struct-down+1 IVR-HIGH-2
2026-07-06,2026-07-07T06:44:11+08:00,swing,bearish,SPY,751.280029296875,83.59860243731683,high,1.0,moderate,7.0,57.085109955183,-0.5117646378935969,14.308877796111652,,,,,,,5.0,SKIP,IVR-HIGH-2
2026-07-06,2026-07-07T06:44:11+08:00,swing,bearish,STX,868.260009765625,91.50175907659263,high,1.0,strong,9.0,45.46967634733013,-6.167548667237,91.67859977979067,,,,,,,3.0,SKIP,IVR-HIGH-2
2026-07-06,2026-07-07T06:44:11+08:00,swing,bearish,TSLA,419.7699890136719,100.0,high,1.0,moderate,6.0,54.00745117762454,0.3154443226512704,18.97567606701238,,,,,,,7.0,SKIP,struct-down+1 IVR-HIGH-2
2026-07-06,2026-07-07T06:44:11+08:00,swing,bearish,TSM,451.7900085449219,100.0,high,1.0,strong,12.0,56.18177339174298,1.781895001312117,32.504692047805776,,,,,,,0.0,SKIP,IVR-HIGH-2
2026-07-06,2026-07-07T06:44:11+08:00,swing,bearish,V,357.25,43.431449209045056,medium,1.0,strong,9.0,78.5363258005366,11.577865004749489,18.020186402719474,,,,,,,5.0,WATCH,RSI-ext+1 IVR-MED-1
2026-07-06,2026-07-07T06:44:11+08:00,swing,bearish,VRT,318.4700012207031,89.61913660669077,high,1.0,moderate,8.0,53.32967611423759,-1.6620613469483514,23.11531881654509,,,,,,,5.0,SKIP,struct-down+1 IVR-HIGH-2
2026-07-06,2026-07-07T06:44:11+08:00,swing,bearish,VST,157.22000122070312,30.861332940214307,medium,1.0,moderate,8.0,58.94422519419872,2.433422207446867,3.859210062506624,,,,,,,5.0,WATCH,IVR-MED-1
2026-07-06,2026-07-07T06:44:11+08:00,swing,bearish,WDC,577.4600219726562,100.0,high,1.0,strong,12.0,51.16619018413323,0.366741370688306,89.90978231273263,,,,,,,0.0,SKIP,IVR-HIGH-2
2026-07-06,2026-07-07T06:41:51+08:00,swing,bullish,AAPL,312.6600036621094,99.63465530910946,high,1.0,strong,9.0,63.817223570333205,0.4594649054727728,20.89472720329988,,,,,,,7.0,SKIP,IVR-HIGH-2
2026-07-06,2026-07-07T06:41:51+08:00,swing,bullish,AMZN,244.1600036621093,63.472566538934814,high,1.0,neutral,4.0,54.38486516244743,-3.79447175963562,14.742239468842966,,,,,,,3.0,SKIP,RSI-reset+1 IVR-HIGH-2
2026-07-06,2026-07-07T06:41:51+08:00,swing,bullish,ANET,173.27999877929688,76.75529110061514,high,1.0,strong,9.0,56.31605289434282,4.379256980314872,37.251484181621294,,,,,,,7.0,SKIP,IVR-HIGH-2
2026-07-06,2026-07-07T06:41:51+08:00,swing,bullish,ASML,1825.0699462890625,100.0,high,1.0,strong,9.0,48.08792642687798,3.846437020991722,40.26397745114816,,,,,,,10.0,SKIP,HL-zone+2 RSI-reset+1 IVR-HIGH-2
2026-07-06,2026-07-07T06:41:51+08:00,swing,bullish,AVGO,373.8999938964844,91.1385092448594,high,1.0,weak,0.0,47.5848072322911,-10.603289916084114,19.10179303683566,,,,,,,1.0,SKIP,HL-zone+2 RSI-reset+1 IVR-HIGH-2
2026-07-06,2026-07-07T06:41:51+08:00,swing,bullish,AXP,356.0299987792969,29.00281585297511,low,1.0,moderate,6.0,83.37722213341634,14.230503280810217,16.7711993779885,,,,,,,4.0,TRADE,RSI-OB-2
2026-07-06,2026-07-07T06:41:51+08:00,swing,bullish,BKNG,181.02999877929688,61.08285090336669,high,1.0,moderate,8.0,64.3430256219409,8.355773533897759,3.0053309507092285,,,,,,,6.0,SKIP,IVR-HIGH-2
2026-07-06,2026-07-07T06:41:51+08:00,swing,bullish,CAT,969.9199829101562,96.8634029587644,high,1.0,strong,11.0,56.48988078091875,3.130316758761076,34.73552827279385,,,,,,,9.0,SKIP,IVR-HIGH-2
2026-07-06,2026-07-07T06:41:51+08:00,swing,bullish,CEG,245.8699951171875,5.748437544820874,low,1.0,weak,0.0,44.61580304638594,-7.075097879663228,-10.505888615284542,,,,,,,3.0,TRADE,HL-zone+2 RSI-reset+1
2026-07-06,2026-07-07T06:41:51+08:00,swing,bullish,COHR,335.70001220703125,82.68484869374174,high,1.0,neutral,3.0,41.33862803272197,-20.43137779959362,32.572470811434705,,,,,,,2.0,SKIP,RSI-reset+1 IVR-HIGH-2
2026-07-06,2026-07-07T06:41:51+08:00,swing,bullish,COIN,168.8699951171875,35.86587159290028,medium,1.0,neutral,3.0,55.874370231996025,2.88794863423012,-3.3869205311165773,,,,,,,2.0,WATCH,IVR-MED-1
2026-07-06,2026-07-07T06:41:51+08:00,swing,bullish,CRDO,265.54998779296875,93.48904516116544,high,1.0,strong,14.0,53.016533601935976,22.09194841056035,159.17430232849927,,,,,,,13.0,SKIP,RSI-reset+1 IVR-HIGH-2
2026-07-06,2026-07-07T06:41:51+08:00,swing,bullish,DELL,411.7999877929688,31.05834455839729,medium,1.0,strong,10.0,54.28752015478878,-2.4286222714045014,138.52302993102222,,,,,,,10.0,OVERRIDE,RSI-reset+1 IVR-MED-1
2026-07-06,2026-07-07T06:41:51+08:00,swing,bullish,FCX,61.0,72.07300721783412,high,1.0,weak,0.0,28.645520709520568,-12.469510886748214,0.1381199554529422,,,,,,,-1.0,SKIP,RSI-reset+1 IVR-HIGH-2
2026-07-06,2026-07-07T06:41:51+08:00,swing,bullish,GS,1055.2900390625,79.06915475290029,high,1.0,moderate,7.0,48.0254208646506,-3.4156695242954727,21.850938622121376,,,,,,,6.0,SKIP,RSI-reset+1 IVR-HIGH-2
2026-07-06,2026-07-07T06:41:51+08:00,swing,bullish,HIMS,38.27999877929688,38.6866847198737,medium,1.0,strong,9.0,79.17515132539368,36.66547114064418,88.2931575157558,,,,,,,5.0,OVERRIDE,RSI-OB-2 1M-chase-1 IVR-MED-1
2026-07-06,2026-07-07T06:41:51+08:00,swing,bullish,HLT,339.4100036621094,6.601720963793671,low,1.0,moderate,6.0,40.59803223912866,0.3726185977725338,10.651654419171663,,,,,,,7.0,TRADE,RSI-reset+1
2026-07-06,2026-07-07T06:41:51+08:00,swing,bullish,LLY,1200.06005859375,37.87800000867573,medium,1.0,strong,10.0,63.97083132850004,6.646408218860667,29.670776250558184,,,,,,,9.0,OVERRIDE,IVR-MED-1
2026-07-06,2026-07-07T06:41:51+08:00,swing,bullish,MA,533.0999755859375,45.683346092723234,medium,1.0,strong,10.0,71.3127535778058,10.656751241201867,6.48377076201343,,,,,,,8.0,OVERRIDE,RSI-ext-1 IVR-MED-1
2026-07-06,2026-07-07T06:41:51+08:00,swing,bullish,MAR,379.75,20.090917302593343,low,1.0,moderate,6.0,28.94104429756858,-1.4404329013243844,12.573842487152564,,,,,,,9.0,TRADE,HL-zone+2 RSI-reset+1
2026-07-06,2026-07-07T06:41:51+08:00,swing,bullish,META,600.2899780273438,97.0847137675883,high,1.0,neutral,3.0,57.42599032985498,-4.25827537486666,4.856078579335499,,,,,,,1.0,SKIP,IVR-HIGH-2
2026-07-06,2026-07-07T06:41:51+08:00,swing,bullish,MPWR,1346.1300048828125,96.97963292851114,high,1.0,weak,2.0,37.25112019041877,-18.42043121370161,14.249966250794266,,,,,,,1.0,SKIP,RSI-reset+1 IVR-HIGH-2
2026-07-06,2026-07-07T06:41:51+08:00,swing,bullish,MRVL,249.2700042724609,75.6737158088737,high,1.0,moderate,6.0,43.43982949736394,-21.224280238230577,127.73698195951992,,,,,,,5.0,SKIP,RSI-reset+1 IVR-HIGH-2
2026-07-06,2026-07-07T06:41:51+08:00,swing,bullish,MSFT,386.739990234375,68.8224787377806,high,1.0,weak,2.0,48.33804258461564,-9.650741440640765,3.94165086069902,,,,,,,1.0,SKIP,RSI-reset+1 IVR-HIGH-2
2026-07-06,2026-07-07T06:41:51+08:00,swing,bullish,MU,984.75,99.90272463296624,high,1.0,strong,12.0,50.15967362841948,-1.1295180722891596,160.68137826737455,,,,,,,11.0,SKIP,RSI-reset+1 IVR-HIGH-2
2026-07-06,2026-07-07T06:41:51+08:00,swing,bullish,NBIS,213.0200042724609,81.03176839189601,high,1.0,neutral,5.0,45.15870773791799,-17.965112158880846,89.28381245736261,,,,,,,6.0,SKIP,HL-zone+2 RSI-reset+1 IVR-HIGH-2
2026-07-06,2026-07-07T06:41:51+08:00,swing,bullish,NFLX,76.0199966430664,57.848645788718464,high,1.0,weak,1.0,41.73679981530672,-6.792546691222412,-23.15779196546791,,,,,,,0.0,SKIP,RSI-reset+1 IVR-HIGH-2
2026-07-06,2026-07-07T06:41:51+08:00,swing,bullish,NUE,223.9199981689453,93.9571261183332,high,1.0,neutral,5.0,21.08692332598133,-14.415912827388643,32.360360821901565,,,,,,,4.0,SKIP,RSI-reset+1 IVR-HIGH-2
2026-07-06,2026-07-07T06:41:51+08:00,swing,bullish,NVDA,195.5500030517578,67.65659429144154,high,1.0,weak,0.0,40.87121322682622,-10.568919886264592,10.210494053195562,,,,,,,1.0,SKIP,HL-zone+2 RSI-reset+1 IVR-HIGH-2
2026-07-06,2026-07-07T06:41:51+08:00,swing,bullish,NVO,49.2599983215332,21.495903044062658,low,1.0,strong,9.0,76.89998626708984,12.59428187779017,34.33324456298985,,,,,,,7.0,TRADE,RSI-OB-2
2026-07-06,2026-07-07T06:41:51+08:00,swing,bullish,NVTS,15.229999542236328,44.53144675878588,medium,1.0,neutral,3.0,23.643413813663145,-50.342355708019056,72.3825634009915,,,,,,,3.0,WATCH,RSI-reset+1 IVR-MED-1
2026-07-06,2026-07-07T06:41:51+08:00,swing,bullish,PLTR,132.5399932861328,62.905017921174846,high,1.0,neutral,5.0,53.82802812617985,-6.464364050378347,-10.403569358229303,,,,,,,4.0,SKIP,RSI-reset+1 IVR-HIGH-2
2026-07-06,2026-07-07T06:41:51+08:00,swing,bullish,QQQ,722.8200073242188,100.0,high,1.0,strong,9.0,50.66467714712039,-2.2948173368268265,22.95910251884461,,,,,,,10.0,SKIP,HL-zone+2 RSI-reset+1 IVR-HIGH-2
2026-07-06,2026-07-07T06:41:51+08:00,swing,bullish,RCL,287.7799987792969,54.40823361043247,high,1.0,neutral,5.0,46.71510917030568,-1.8753409788912825,4.381569110412076,,,,,,,4.0,SKIP,RSI-reset+1 IVR-HIGH-2
2026-07-06,2026-07-07T06:41:51+08:00,swing,bullish,SMCI,27.190000534057617,89.57189146539898,high,1.0,weak,2.0,42.48966750539197,-42.02558710141092,23.310664285003742,,,,,,,1.0,SKIP,RSI-reset+1 IVR-HIGH-2
2026-07-06,2026-07-07T06:41:51+08:00,swing,bullish,SPY,751.280029296875,83.59860243731681,high,1.0,moderate,7.0,57.085109955183,-0.5117646378935969,14.308877796111652,,,,,,,7.0,SKIP,HL-zone+2 IVR-HIGH-2
2026-07-06,2026-07-07T06:41:51+08:00,swing,bullish,STX,868.260009765625,91.5017590765926,high,1.0,strong,9.0,45.46967634733013,-6.167548667237,91.67859977979067,,,,,,,8.0,SKIP,RSI-reset+1 IVR-HIGH-2
2026-07-06,2026-07-07T06:41:51+08:00,swing,bullish,TSLA,419.7699890136719,100.0,high,1.0,moderate,6.0,54.00745117762454,0.3154443226512704,18.97567606701238,,,,,,,5.0,SKIP,RSI-reset+1 IVR-HIGH-2
2026-07-06,2026-07-07T06:41:51+08:00,swing,bullish,TSM,451.7900085449219,100.0,high,1.0,strong,12.0,56.18177339174298,1.781895001312117,32.504692047805776,,,,,,,12.0,SKIP,HL-zone+2 IVR-HIGH-2
2026-07-06,2026-07-07T06:41:51+08:00,swing,bullish,V,357.25,43.43144920904504,medium,1.0,strong,9.0,78.5363258005366,11.577865004749489,18.020186402719474,,,,,,,6.0,OVERRIDE,RSI-OB-2 IVR-MED-1
2026-07-06,2026-07-07T06:41:51+08:00,swing,bullish,VRT,318.4700012207031,89.61913660669072,high,1.0,moderate,8.0,53.32967611423759,-1.6620613469483514,23.11531881654509,,,,,,,7.0,SKIP,RSI-reset+1 IVR-HIGH-2
2026-07-06,2026-07-07T06:41:51+08:00,swing,bullish,VST,157.22000122070312,30.861332940214325,medium,1.0,moderate,8.0,58.94422519419872,2.433422207446867,3.859210062506624,,,,,,,7.0,OVERRIDE,IVR-MED-1
2026-07-06,2026-07-07T06:41:51+08:00,swing,bullish,WDC,577.4600219726562,100.0,high,1.0,strong,12.0,51.16619018413323,0.366741370688306,89.90978231273263,,,,,,,11.0,SKIP,RSI-reset+1 IVR-HIGH-2
2026-07-07,2026-07-08T06:38:09+08:00,momentum,call,AAPL,310.6600036621094,,,,,,59.54167191515606,,,0.3873709205074738,99.29084403500885,2.8404985386261963,10.264788255183888,1.4526457336437917,8.0,,call,ATR2.8%+1 vol1.5x+2 5d+10%+2 @20dHi+2 RSImom+1
2026-07-07,2026-07-08T06:38:09+08:00,momentum,call,AMZN,245.97999572753903,,,,,,49.965699143551305,,,0.3533296726928531,60.06812472670386,3.343911671189068,2.4319131976071606,1.5056296781295435,6.0,,call,ATR3.3%+1 vol1.5x+2 5d+2%+1 @20dHi+2
2026-07-07,2026-07-08T06:38:09+08:00,momentum,call,ANET,166.4600067138672,,,,,,48.36545014205189,,,0.6066504951312292,72.19160703853986,5.993459393049809,1.4381477895027306,0.8740625437374551,2.0,,call,ATR6.0%+2
2026-07-07,2026-07-08T06:38:09+08:00,momentum,call,AXP,349.5799865722656,,,,,,67.29756195686033,,,0.2197053482465588,24.889185579472883,2.2068263148968583,2.832937278933456,1.0440000570960328,3.0,,call,5d+3%+1 nrHi+1 RSImom+1
2026-07-07,2026-07-08T06:38:09+08:00,momentum,call,COIN,163.50999450683594,,,,,,45.80875070678431,,,0.6573782785522742,33.532933288265895,6.455485047387409,7.820640347962793,0.9391775147858616,5.0,,call,ATR6.5%+2 5d+8%+2 nrHi+1
2026-07-07,2026-07-08T06:38:09+08:00,momentum,call,CRDO,246.3999938964844,,,,,,47.44771647999541,,,1.1956240759578731,100.0,12.181991850596209,0.293064654089803,1.3109325075954106,4.0,,call,ATR12.2%+2 vol1.3x+2
2026-07-07,2026-07-08T06:38:09+08:00,momentum,call,DELL,417.2799987792969,,,,,,52.26482484765207,,,0.5886763782757234,30.942148138568392,7.665285848362211,0.6439819401528268,0.8504162476276675,2.0,,call,ATR7.7%+2
2026-07-07,2026-07-08T06:38:09+08:00,momentum,call,GS,1042.97998046875,,,,,,41.16298616203061,,,0.3083656915216096,54.65187776997587,2.883495820436925,2.2318893174629206,0.996754559836618,2.0,,call,ATR2.9%+1 5d+2%+1
2026-07-07,2026-07-08T06:38:09+08:00,momentum,call,HIMS,36.16999816894531,,,,,,66.30434298109682,,,0.8487471211829059,35.177037588038395,7.719817515263461,8.325842557992758,0.757547791816179,5.0,,call,ATR7.7%+2 5d+8%+2 RSImom+1
2026-07-07,2026-07-08T06:38:09+08:00,momentum,call,HLT,341.1199951171875,,,,,,41.52280308959016,,,0.1595634194207422,10.95458061905686,2.233712451469581,2.5801366307196094,1.6380677568958784,4.0,,call,vol1.6x+2 5d+3%+1 nrHi+1
2026-07-07,2026-07-08T06:38:09+08:00,momentum,call,LLY,1235.56005859375,,,,,,69.53466933273822,,,0.3361217120071185,33.75436212542455,3.2094752613463484,0.4577500050369165,1.034214924013635,4.0,,call,ATR3.2%+1 @20dHi+2 RSImom+1
2026-07-07,2026-07-08T06:38:09+08:00,momentum,call,MA,531.6199951171875,,,,,,70.09216920830241,,,0.2328171747238626,50.35653288316836,2.496077033009146,4.3128443287390406,1.1274986960204991,5.0,,call,vol1.1x+1 5d+4%+1 @20dHi+2 RSImom+1
2026-07-07,2026-07-08T06:38:09+08:00,momentum,call,MAR,380.75,,,,,,31.315789171769183,,,0.2126032987995199,23.07963104702552,2.3776373645398534,1.5658330774463325,1.1332673339231298,1.0,,call,vol1.1x+1
2026-07-07,2026-07-08T06:38:09+08:00,momentum,call,META,615.5800170898438,,,,,,55.11385768192273,,,0.509235521041765,91.27028538884451,3.714382910247376,9.417000320472546,1.0952997931057171,6.0,,call,ATR3.7%+1 5d+9%+2 @20dHi+2 RSImom+1
2026-07-07,2026-07-08T06:38:09+08:00,momentum,call,MSFT,388.8399963378906,,,,,,45.18602885958391,,,0.3795062120909075,70.01463983172975,3.342541968257337,5.499630629423691,1.4195333114418391,5.0,,call,ATR3.3%+1 vol1.4x+2 5d+5%+2
2026-07-07,2026-07-08T06:38:09+08:00,momentum,call,NFLX,76.18000030517578,,,,,,39.00680962593346,,,0.4158653953157034,58.384198886027214,3.7523899086142296,3.2529161908204878,1.2127846083569105,3.0,,call,ATR3.8%+1 vol1.2x+1 5d+3%+1
2026-07-07,2026-07-08T06:38:09+08:00,momentum,call,NVDA,196.92999267578125,,,,,,33.461205372837085,,,0.3387236224299647,44.82819806299005,3.2078115403829544,1.0052784750508523,0.8961462714704992,1.0,,call,ATR3.2%+1
2026-07-07,2026-07-08T06:38:09+08:00,momentum,call,NVO,49.63999938964844,,,,,,77.6595697583903,,,0.3623923920973991,16.52150562853026,2.8857787759234856,2.689282649890412,0.8889734235082823,3.0,,call,ATR2.9%+1 5d+3%+1 nrHi+1
2026-07-07,2026-07-08T06:38:09+08:00,momentum,call,PLTR,134.3699951171875,,,,,,49.688291581033,,,0.5824916276830828,66.41123105377183,5.086648086197148,16.13655891218151,1.169405405336498,6.0,,call,ATR5.1%+2 vol1.2x+1 5d+16%+2 nrHi+1
2026-07-07,2026-07-08T06:38:09+08:00,momentum,call,SPY,747.7100219726562,,,,,,46.36355456917494,,,0.1579191476352543,68.53930173170926,1.3118765108541517,0.9055360286985392,1.0428446488527627,2.0,,call,@20dHi+2
2026-07-07,2026-07-08T06:38:09+08:00,momentum,call,V,352.20001220703125,,,,,,71.93199345310812,,,0.2297975112740203,47.51305402005352,2.5318398940017377,3.087960924636634,1.2075715670510092,5.0,,call,ATR2.5%+1 vol1.2x+1 5d+3%+1 nrHi+1 RSImom+1
2026-07-07,2026-07-08T06:38:09+08:00,momentum,put,ASML,1747.280029296875,,,,,,43.109430154578185,,,0.7562915887892033,95.49766829069544,5.994173860747731,-7.213065466769808,1.1966562083073515,8.0,,put,ATR6.0%+2 vol1.2x+1 5d-7%+2 @20dLo+2 RSImom+1
2026-07-07,2026-07-08T06:38:09+08:00,momentum,put,AVGO,370.7799987792969,,,,,,42.38124742992743,,,0.5079810212184203,51.92004995386036,4.40968626879072,-0.4483859237480958,0.9934537482706136,4.0,,put,ATR4.4%+2 nrLo+1 RSImom+1
2026-07-07,2026-07-08T06:38:09+08:00,momentum,put,BKNG,181.9499969482422,,,,,,57.725642201627736,,,0.4184111563585823,60.97672168163732,3.558669185338312,-0.2521828324280384,1.160486173266832,2.0,,put,ATR3.6%+1 vol1.2x+1
2026-07-07,2026-07-08T06:38:09+08:00,momentum,put,CAT,940.1199951171876,,,,,,50.66747188630818,,,0.6072539087005574,98.14846138293105,4.981962054296882,-9.008019005913592,1.4538733083420383,6.0,,put,ATR5.0%+2 vol1.5x+2 5d-9%+2
2026-07-07,2026-07-08T06:38:09+08:00,momentum,put,CEG,239.7100067138672,,,,,,34.020316777334614,,,0.3950235500078727,45.136178146158606,4.227040557321305,-7.562085476048075,1.060241269013025,7.0,,put,ATR4.2%+2 5d-8%+2 @20dLo+2 RSImom+1
2026-07-07,2026-07-08T06:38:09+08:00,momentum,put,COHR,314.1300048828125,,,,,,32.03618168033027,,,1.0295411420156717,84.12225214878202,11.484895109887482,-19.70502430789601,0.8725783998712394,7.0,,put,ATR11.5%+2 5d-20%+2 @20dLo+2 RSImom+1
2026-07-07,2026-07-08T06:38:09+08:00,momentum,put,FCX,59.33000183105469,,,,,,18.78614590398608,,,0.4796747928653381,42.56491014394226,4.243819117791374,-3.7163212277258495,1.1174218357806156,5.0,,put,ATR4.2%+2 vol1.1x+1 5d-4%+1 @20dLo+2 RSIexh-1
2026-07-07,2026-07-08T01:06:10+08:00,momentum,put,LLY,1228.6953125,,,,,,68.74543074986146,,,0.3312266249961649,32.78239759137619,3.22740666593394,-0.100391173238834,1.0014300892506622,1.0,,put,ATR3.2%+1
2026-07-07,2026-07-08T06:38:09+08:00,momentum,put,MPWR,1272.81005859375,,,,,,28.95817130472217,,,0.8376689535533357,89.35871012745363,8.291706350389221,-2.8960046668655925,1.591309238652889,8.0,,put,ATR8.3%+2 vol1.6x+2 5d-3%+1 @20dLo+2 RSImom+1
2026-07-07,2026-07-08T06:38:09+08:00,momentum,put,MRVL,230.6999969482422,,,,,,32.337791442875826,,,1.148500377231206,66.40287771936937,11.76233913677243,-16.939695068139628,0.7956819226156023,7.0,,put,ATR11.8%+2 5d-17%+2 @20dLo+2 RSImom+1
2026-07-07,2026-07-08T06:38:09+08:00,momentum,put,MU,938.3800048828124,,,,,,41.9068551303838,,,1.2311689201600269,88.35944622688348,11.12568248121365,-18.052849198422592,1.1075532888812756,6.0,,put,ATR11.1%+2 vol1.1x+1 5d-18%+2 RSImom+1
2026-07-07,2026-07-08T06:38:09+08:00,momentum,put,NBIS,195.19000244140625,,,,,,32.91372604552754,,,1.0849855882013972,51.10167337978672,14.608219570390371,-25.257512156490268,0.97189324897858,7.0,,put,ATR14.6%+2 5d-25%+2 @20dLo+2 RSImom+1
2026-07-07,2026-07-08T06:38:09+08:00,momentum,put,NUE,227.4199981689453,,,,,,27.25671516213069,,,0.3828099684208577,88.29389334889322,3.4975681503882057,-0.2631374845509904,1.114287406055816,3.0,,put,ATR3.5%+1 vol1.1x+1 nrLo+1
2026-07-07,2026-07-08T06:38:09+08:00,momentum,put,NVTS,13.989999771118164,,,,,,20.26862290602128,,,1.101069592406714,45.91652779803771,13.705198998518272,-21.13866994578678,0.6369095621201526,5.0,,put,ATR13.7%+2 5d-21%+2 @20dLo+2 RSIexh-1
2026-07-07,2026-07-08T06:38:09+08:00,momentum,put,QQQ,709.4299926757812,,,,,,39.559998097060486,,,0.3120367682000071,85.68301861841415,2.373502315151347,-2.023260422645345,1.0143952474954754,3.0,,put,5d-2%+1 nrLo+1 RSImom+1
2026-07-07,2026-07-08T06:38:09+08:00,momentum,put,RCL,282.260009765625,,,,,,31.88372838837749,,,0.5414947033154209,58.62577803113713,4.915119735562728,-12.18889757908186,1.0007068429302108,5.0,,put,ATR4.9%+2 5d-12%+2 RSImom+1
2026-07-07,2026-07-08T06:38:09+08:00,momentum,put,SMCI,26.25,,,,,,39.69533862577056,,,1.5151763370696782,88.43700816787657,9.389113860876382,-6.749554686599579,0.9322569174282592,7.0,,put,ATR9.4%+2 5d-7%+2 @20dLo+2 RSImom+1
2026-07-07,2026-07-08T06:38:09+08:00,momentum,put,STX,827.6400146484375,,,,,,35.08708083476007,,,0.9688262275300902,94.10307572743416,11.028851318258765,-14.546788471878314,1.1359092582745334,7.0,,put,ATR11.0%+2 vol1.1x+1 5d-15%+2 nrLo+1 RSImom+1
2026-07-07,2026-07-08T06:38:09+08:00,momentum,put,TSLA,402.8999938964844,,,,,,47.69023898357391,,,0.6397739159047879,92.16974254460666,5.045029794702709,-2.1707465328528963,0.9432309892311426,3.0,,put,ATR5.0%+2 5d-2%+1
2026-07-07,2026-07-08T06:38:09+08:00,momentum,put,TSM,432.5700073242188,,,,,,48.05583981798842,,,0.6404290766463538,92.85494904741545,5.43908730855826,-4.950559981792724,1.1208288063773544,4.0,,put,ATR5.4%+2 vol1.1x+1 5d-5%+1
2026-07-07,2026-07-08T06:38:09+08:00,momentum,put,VRT,305.5799865722656,,,,,,48.67138007467912,,,0.8763829692922865,89.27217323033834,8.1849290614581,-0.45281774861059,1.3070069648906493,4.0,,put,ATR8.2%+2 vol1.3x+2
2026-07-07,2026-07-08T06:38:09+08:00,momentum,put,VST,155.72999572753906,,,,,,52.49531570837858,,,0.4622486824339611,37.469893262568895,4.605017294057161,-4.095337452460768,0.7962195492724568,3.0,,put,ATR4.6%+2 5d-4%+1
2026-07-07,2026-07-08T06:38:09+08:00,momentum,put,WDC,532.0999755859375,,,,,,39.49076057880765,,,1.2200132852777708,96.39345228215292,12.926140018033776,-18.374551819304173,1.2773555816577555,6.0,,put,ATR12.9%+2 vol1.3x+1 5d-18%+2 RSImom+1
2026-07-07,2026-07-08T06:36:59+08:00,swing,bearish,AAPL,310.6600036621094,99.83277368178824,high,1.0,strong,9.0,59.54167191515606,1.080239267188876,22.661230055228067,,,,,,,4.0,SKIP,struct-down+1 IVR-HIGH-2
2026-07-07,2026-07-08T06:36:59+08:00,swing,bearish,AMZN,245.97999572753903,62.40113647773605,high,1.0,weak,1.0,49.965699143551305,-0.0203239653724818,15.067591716013084,,,,,,,12.0,OVERRIDE,struct-down+1 IVR-HIGH-2
2026-07-07,2026-07-08T06:36:59+08:00,swing,bearish,ANET,166.4600067138672,74.82298975158028,high,1.0,moderate,6.0,48.36545014205189,7.90173209555185,24.55852100726734,,,,,,,6.0,SKIP,IVR-HIGH-2
2026-07-07,2026-07-08T06:36:59+08:00,swing,bearish,ASML,1747.280029296875,100.0,high,1.0,moderate,8.0,43.109430154578185,6.4285477414382175,34.034708687884475,,,,,,,4.0,SKIP,IVR-HIGH-2
2026-07-07,2026-07-08T06:36:59+08:00,swing,bearish,AVGO,370.7799987792969,55.43721196677338,high,1.0,weak,0.0,42.38124742992743,-3.723635910662337,11.19766221414218,,,,,,,13.0,OVERRIDE,struct-down+1 IVR-HIGH-2
2026-07-07,2026-07-08T06:36:59+08:00,swing,bearish,AXP,349.5799865722656,25.33028918668453,low,1.0,moderate,8.0,67.29756195686033,12.836196355821272,14.170251564441338,,,,,,,8.0,TRADE,RSI-ext+1 struct-down+1
2026-07-07,2026-07-08T06:36:59+08:00,swing,bearish,BKNG,181.9499969482422,60.54802249804882,high,1.0,moderate,8.0,57.725642201627736,9.714182926975145,5.188512804227208,,,,,,,4.0,SKIP,IVR-HIGH-2
2026-07-07,2026-07-08T06:36:59+08:00,swing,bearish,CAT,940.1199951171876,99.08423434455231,high,1.0,strong,11.0,50.66747188630818,3.963370267966648,30.019023909754907,,,,,,,2.0,SKIP,struct-down+1 IVR-HIGH-2
2026-07-07,2026-07-08T06:36:59+08:00,swing,bearish,CEG,239.7100067138672,8.538043270844938,low,1.0,weak,0.0,34.020316777334614,-5.933365384195088,-11.922203801393694,,,,,,,14.0,TRADE,RSI-OS-1 struct-down+1
2026-07-07,2026-07-08T06:36:59+08:00,swing,bearish,COHR,314.1300048828125,84.98902533900724,high,1.0,neutral,3.0,32.03618168033027,-16.67417888535513,23.13994408739584,,,,,,,9.0,SKIP,RSI-OS-1 struct-down+1 IVR-HIGH-2
2026-07-07,2026-07-08T06:36:59+08:00,swing,bearish,COIN,163.50999450683594,37.00925945968644,medium,1.0,weak,0.0,45.80875070678431,7.290026939172889,-6.661718607640232,,,,,,,14.0,OVERRIDE,struct-down+1 IVR-MED-1
2026-07-07,2026-07-08T06:36:59+08:00,swing,bearish,CRDO,246.3999938964844,99.34988119217957,high,1.0,strong,11.0,47.44771647999541,19.097102142875634,130.73320702693022,,,,,,,1.0,SKIP,IVR-HIGH-2
2026-07-07,2026-07-08T06:36:59+08:00,swing,bearish,DELL,417.2799987792969,31.242680878494223,medium,1.0,strong,10.0,52.26482484765207,5.803895453910934,135.56255347065235,,,,,,,3.0,WATCH,IVR-MED-1
2026-07-07,2026-07-08T06:36:59+08:00,swing,bearish,FCX,59.33000183105469,73.03020178779992,high,1.0,weak,1.0,18.78614590398608,-6.375251962955842,-2.1384994393398804,,,,,,,10.0,SKIP,RSI-OS-1 IVR-HIGH-2
2026-07-07,2026-07-08T06:36:59+08:00,swing,bearish,GS,1042.97998046875,61.0751224223166,high,1.0,moderate,7.0,41.16298616203061,0.4139799106038344,20.694318232062,,,,,,,5.0,SKIP,IVR-HIGH-2
2026-07-07,2026-07-08T06:36:59+08:00,swing,bearish,HIMS,36.16999816894531,41.74236852676902,medium,1.0,strong,11.0,66.30434298109682,38.10613757685744,85.48717009715546,,,,,,,4.0,WATCH,RSI-ext+1 struct-down+1 IVR-MED-1
2026-07-07,2026-07-08T06:36:59+08:00,swing,bearish,HLT,341.1199951171875,0.0,low,1.0,moderate,6.0,41.52280308959016,-0.5770944188589588,12.94631336205303,,,,,,,8.0,TRADE,
2026-07-07,2026-07-08T06:36:59+08:00,swing,bearish,LLY,1235.56005859375,33.67818153971936,medium,1.0,strong,10.0,69.53466933273822,9.204363596502718,32.92881812338808,,,,,,,4.0,WATCH,RSI-ext+1 IVR-MED-1
2026-07-07,2026-07-08T06:36:59+08:00,swing,bearish,MA,531.6199951171875,42.79859969965133,medium,1.0,moderate,8.0,70.09216920830241,8.25527605551406,6.874365476316391,,,,,,,6.0,WATCH,RSI-ext+1 IVR-MED-1
2026-07-07,2026-07-08T06:36:59+08:00,swing,bearish,MAR,380.75,12.655816439746594,low,1.0,moderate,6.0,31.315789171769183,-2.9961044235909062,15.281645216396278,,,,,,,7.0,TRADE,RSI-OS-1
2026-07-07,2026-07-08T06:36:59+08:00,swing,bearish,META,615.5800170898438,99.12337712375106,high,1.0,moderate,6.0,55.11385768192273,3.9039671089583727,7.147301653742022,,,,,,,7.0,SKIP,struct-down+1 IVR-HIGH-2
2026-07-07,2026-07-08T06:36:59+08:00,swing,bearish,MPWR,1272.81005859375,99.11779420658137,high,1.0,weak,2.0,28.95817130472217,-13.92916688885627,7.012321001863064,,,,,,,10.0,SKIP,RSI-OS-1 struct-down+1 IVR-HIGH-2
2026-07-07,2026-07-08T06:36:59+08:00,swing,bearish,MRVL,230.6999969482422,75.94248923118346,high,1.0,moderate,6.0,32.337791442875826,-12.437850275413409,111.02165451619256,,,,,,,5.0,SKIP,RSI-OS-1 IVR-HIGH-2
2026-07-07,2026-07-08T06:36:59+08:00,swing,bearish,MSFT,388.8399963378906,69.05237333017304,high,1.0,weak,2.0,45.18602885958391,-6.679150453112815,4.671673005645194,,,,,,,11.0,OVERRIDE,struct-down+1 IVR-HIGH-2
2026-07-07,2026-07-08T06:36:59+08:00,swing,bearish,MU,938.3800048828124,97.5477490070966,high,1.0,strong,9.0,41.9068551303838,8.624243602213767,148.56305713577584,,,,,,,3.0,SKIP,IVR-HIGH-2
2026-07-07,2026-07-08T06:36:59+08:00,swing,bearish,NBIS,195.19000244140625,85.49021901638787,high,1.0,neutral,4.0,32.91372604552754,-14.318948012278298,66.26064727808357,,,,,,,7.0,SKIP,RSI-OS-1 IVR-HIGH-2
2026-07-07,2026-07-08T06:36:59+08:00,swing,bearish,NFLX,76.18000030517578,57.90007307866952,high,1.0,weak,1.0,39.00680962593346,-7.301046456216809,-22.910341489137064,,,,,,,11.0,OVERRIDE,RSI-OS-1 struct-down+1 IVR-HIGH-2
2026-07-07,2026-07-08T06:36:59+08:00,swing,bearish,NUE,227.4199981689453,93.12651687499624,high,1.0,neutral,5.0,27.25671516213069,-10.382272520155,31.58174368049153,,,,,,,6.0,SKIP,RSI-OS-1 IVR-HIGH-2
2026-07-07,2026-07-08T06:36:59+08:00,swing,bearish,NVDA,196.92999267578125,64.76365237501662,high,1.0,weak,0.0,33.461205372837085,-3.983429149003004,10.572704057809656,,,,,,,12.0,OVERRIDE,RSI-OS-1 struct-down+1 IVR-HIGH-2
2026-07-07,2026-07-08T06:36:59+08:00,swing,bearish,NVO,49.63999938964844,18.912981984961423,low,1.0,strong,9.0,77.6595697583903,15.549349272659052,34.48929719551022,,,,,,,6.0,TRADE,RSI-ext+1
2026-07-07,2026-07-08T06:36:59+08:00,swing,bearish,NVTS,13.989999771118164,45.12479113965496,medium,1.0,neutral,3.0,20.26862290602128,-44.21850154036655,63.24387712134121,,,,,,,8.0,OVERRIDE,RSI-OS-1 1M-crash-1 IVR-MED-1
2026-07-07,2026-07-08T06:36:59+08:00,swing,bearish,PLTR,134.3699951171875,63.68224509693881,high,1.0,neutral,5.0,49.688291581033,-0.8559017727126084,-10.461792124199842,,,,,,,8.0,SKIP,struct-down+1 IVR-HIGH-2
2026-07-07,2026-07-08T06:36:59+08:00,swing,bearish,QQQ,709.4299926757812,100.0,high,1.0,neutral,3.0,39.559998097060486,0.7303825228862637,20.662869737823808,,,,,,,8.0,SKIP,RSI-OS-1 IVR-HIGH-2
2026-07-07,2026-07-08T06:36:59+08:00,swing,bearish,RCL,282.260009765625,48.01044841480153,medium,1.0,neutral,5.0,31.88372838837749,0.8071463448660721,5.434992631938562,,,,,,,7.0,OVERRIDE,RSI-OS-1 IVR-MED-1
2026-07-07,2026-07-08T06:36:59+08:00,swing,bearish,SMCI,26.25,89.50769155251065,high,1.0,weak,0.0,39.69533862577056,-36.95965325464039,15.791794934529646,,,,,,,11.0,SKIP,RSI-OS-1 1M-crash-1 struct-down+1 IVR-HIGH-2
2026-07-07,2026-07-08T06:36:59+08:00,swing,bearish,SPY,747.7100219726562,83.71681722658406,high,1.0,neutral,4.0,46.36355456917494,1.6387084077548408,13.715658523336227,,,,,,,8.0,SKIP,IVR-HIGH-2
2026-07-07,2026-07-08T06:36:59+08:00,swing,bearish,STX,827.6400146484375,93.60984126774736,high,1.0,moderate,6.0,35.08708083476007,-2.270268478215043,76.70041053362205,,,,,,,5.0,SKIP,RSI-OS-1 IVR-HIGH-2
2026-07-07,2026-07-08T06:36:59+08:00,swing,bearish,TSLA,402.8999938964844,100.0,high,1.0,weak,0.0,47.69023898357391,3.04347669986813,16.22674195597915,,,,,,,13.0,SKIP,struct-down+1 IVR-HIGH-2
2026-07-07,2026-07-08T06:36:59+08:00,swing,bearish,TSM,432.5700073242188,100.0,high,1.0,strong,9.0,48.05583981798842,4.435054219169254,25.559772341398613,,,,,,,3.0,SKIP,IVR-HIGH-2
2026-07-07,2026-07-08T06:36:59+08:00,swing,bearish,V,352.20001220703125,43.76765053057064,medium,1.0,strong,9.0,71.93199345310812,8.848163993804615,16.65184877911119,,,,,,,5.0,WATCH,RSI-ext+1 IVR-MED-1
2026-07-07,2026-07-08T06:36:59+08:00,swing,bearish,VRT,305.5799865722656,91.10120083043294,high,1.0,neutral,3.0,48.67138007467912,1.708277366200961,16.524431129613482,,,,,,,10.0,SKIP,struct-down+1 IVR-HIGH-2
2026-07-07,2026-07-08T06:36:59+08:00,swing,bearish,VST,155.72999572753906,31.218209103170853,medium,1.0,moderate,8.0,52.49531570837858,4.83200607755061,1.4758557480611278,,,,,,,5.0,WATCH,IVR-MED-1
2026-07-07,2026-07-08T06:36:59+08:00,swing,bearish,WDC,532.0999755859375,100.0,high,1.0,moderate,6.0,39.49076057880765,3.982641740916537,70.61119857341369,,,,,,,5.0,SKIP,RSI-OS-1 IVR-HIGH-2
2026-07-07,2026-07-08T06:34:40+08:00,swing,bullish,AAPL,310.6600036621094,99.83277368178824,high,1.0,strong,9.0,59.54167191515606,1.080239267188876,22.661230055228067,,,,,,,7.0,SKIP,IVR-HIGH-2
2026-07-07,2026-07-08T06:34:40+08:00,swing,bullish,AMZN,245.97999572753903,62.40113647773605,high,1.0,weak,1.0,49.965699143551305,-0.0203239653724818,15.067591716013084,,,,,,,0.0,SKIP,RSI-reset+1 IVR-HIGH-2
2026-07-07,2026-07-08T06:34:40+08:00,swing,bullish,ANET,166.4600067138672,74.82298975158028,high,1.0,moderate,6.0,48.36545014205189,7.90173209555185,24.55852100726734,,,,,,,5.0,SKIP,RSI-reset+1 IVR-HIGH-2
2026-07-07,2026-07-08T06:34:40+08:00,swing,bullish,ASML,1747.280029296875,100.0,high,1.0,moderate,8.0,43.109430154578185,6.4285477414382175,34.034708687884475,,,,,,,7.0,SKIP,RSI-reset+1 IVR-HIGH-2
2026-07-07,2026-07-08T06:34:40+08:00,swing,bullish,AVGO,370.7799987792969,55.43721542213643,high,1.0,weak,0.0,42.38124742992743,-3.723635910662337,11.19766221414218,,,,,,,-1.0,SKIP,RSI-reset+1 IVR-HIGH-2
2026-07-07,2026-07-08T06:34:40+08:00,swing,bullish,AXP,349.5799865722656,25.330328619540005,low,1.0,moderate,8.0,67.29756195686033,12.836196355821272,14.170251564441338,,,,,,,7.0,TRADE,RSI-ext-1
2026-07-07,2026-07-08T06:34:40+08:00,swing,bullish,BKNG,181.9499969482422,60.54802249804886,high,1.0,moderate,8.0,57.725642201627736,9.714182926975145,5.188512804227208,,,,,,,6.0,SKIP,IVR-HIGH-2
2026-07-07,2026-07-08T06:34:40+08:00,swing,bullish,CAT,940.1199951171876,99.0842343445523,high,1.0,strong,11.0,50.66747188630818,3.963370267966648,30.019023909754907,,,,,,,10.0,SKIP,RSI-reset+1 IVR-HIGH-2
2026-07-07,2026-07-08T06:34:40+08:00,swing,bullish,CEG,239.7100067138672,8.538034782444592,low,1.0,weak,0.0,34.020316777334614,-5.933365384195088,-11.922203801393694,,,,,,,1.0,TRADE,RSI-reset+1
2026-07-07,2026-07-08T06:34:40+08:00,swing,bullish,COHR,314.1300048828125,84.98902533900724,high,1.0,neutral,3.0,32.03618168033027,-16.67417888535513,23.13994408739584,,,,,,,2.0,SKIP,RSI-reset+1 IVR-HIGH-2
2026-07-07,2026-07-08T06:34:40+08:00,swing,bullish,COIN,163.50999450683594,37.00925945968644,medium,1.0,weak,0.0,45.80875070678431,7.290026939172889,-6.661718607640232,,,,,,,0.0,WATCH,RSI-reset+1 IVR-MED-1
2026-07-07,2026-07-08T06:34:40+08:00,swing,bullish,CRDO,246.3999938964844,99.34988119217957,high,1.0,strong,11.0,47.44771647999541,19.097102142875634,130.73320702693022,,,,,,,12.0,SKIP,HL-zone+2 RSI-reset+1 IVR-HIGH-2
2026-07-07,2026-07-08T06:34:40+08:00,swing,bullish,DELL,417.2799987792969,31.242680878494216,medium,1.0,strong,10.0,52.26482484765207,5.803895453910934,135.56255347065235,,,,,,,10.0,OVERRIDE,RSI-reset+1 IVR-MED-1
2026-07-07,2026-07-08T06:34:40+08:00,swing,bullish,FCX,59.33000183105469,73.03022848356596,high,1.0,weak,1.0,18.78614590398608,-6.375251962955842,-2.1384994393398804,,,,,,,0.0,SKIP,RSI-reset+1 IVR-HIGH-2
2026-07-07,2026-07-08T06:34:40+08:00,swing,bullish,GS,1042.97998046875,61.07511682903917,high,1.0,moderate,7.0,41.16298616203061,0.4139799106038344,20.694318232062,,,,,,,8.0,SKIP,HL-zone+2 RSI-reset+1 IVR-HIGH-2
2026-07-07,2026-07-08T06:34:40+08:00,swing,bullish,HIMS,36.16999816894531,41.74236852676902,medium,1.0,strong,11.0,66.30434298109682,38.10613757685744,85.48717009715546,,,,,,,8.0,OVERRIDE,RSI-ext-1 1M-chase-1 IVR-MED-1
2026-07-07,2026-07-08T06:34:40+08:00,swing,bullish,HLT,341.1199951171875,0.0,low,1.0,moderate,6.0,41.52280308959016,-0.5770944188589588,12.94631336205303,,,,,,,7.0,TRADE,RSI-reset+1
2026-07-07,2026-07-08T06:34:40+08:00,swing,bullish,LLY,1235.56005859375,33.67818153971936,medium,1.0,strong,10.0,69.53466933273822,9.204363596502718,32.92881812338808,,,,,,,8.0,OVERRIDE,RSI-ext-1 IVR-MED-1
2026-07-07,2026-07-08T06:34:40+08:00,swing,bullish,MA,531.6199951171875,42.798599699651305,medium,1.0,moderate,8.0,70.09216920830241,8.25527605551406,6.874365476316391,,,,,,,6.0,OVERRIDE,RSI-ext-1 IVR-MED-1
2026-07-07,2026-07-08T06:34:40+08:00,swing,bullish,MAR,380.75,12.655796019445653,low,1.0,moderate,6.0,31.315789171769183,-2.9961044235909062,15.281645216396278,,,,,,,9.0,TRADE,HL-zone+2 RSI-reset+1
2026-07-07,2026-07-08T06:34:40+08:00,swing,bullish,META,615.5800170898438,99.12337732925842,high,1.0,moderate,6.0,55.11385768192273,3.9039671089583727,7.147301653742022,,,,,,,4.0,SKIP,IVR-HIGH-2
2026-07-07,2026-07-08T06:34:40+08:00,swing,bullish,MPWR,1272.81005859375,99.11779434256704,high,1.0,weak,2.0,28.95817130472217,-13.92916688885627,7.012321001863064,,,,,,,1.0,SKIP,RSI-reset+1 IVR-HIGH-2
2026-07-07,2026-07-08T06:34:40+08:00,swing,bullish,MRVL,230.6999969482422,75.94249006486635,high,1.0,moderate,6.0,32.337791442875826,-12.437850275413409,111.02165451619256,,,,,,,5.0,SKIP,RSI-reset+1 IVR-HIGH-2
2026-07-07,2026-07-08T06:34:40+08:00,swing,bullish,MSFT,388.8399963378906,69.05237333017311,high,1.0,weak,2.0,45.18602885958391,-6.679150453112815,4.671673005645194,,,,,,,1.0,SKIP,RSI-reset+1 IVR-HIGH-2
2026-07-07,2026-07-08T06:34:40+08:00,swing,bullish,MU,938.3800048828124,97.54775046824602,high,1.0,strong,9.0,41.9068551303838,8.624243602213767,148.56305713577584,,,,,,,8.0,SKIP,RSI-reset+1 IVR-HIGH-2
2026-07-07,2026-07-08T06:34:40+08:00,swing,bullish,NBIS,195.19000244140625,85.49021901638787,high,1.0,neutral,4.0,32.91372604552754,-14.318948012278298,66.26064727808357,,,,,,,3.0,SKIP,RSI-reset+1 IVR-HIGH-2
2026-07-07,2026-07-08T06:34:40+08:00,swing,bullish,NFLX,76.18000030517578,57.90007307866952,high,1.0,weak,1.0,39.00680962593346,-7.301046456216809,-22.910341489137064,,,,,,,0.0,SKIP,RSI-reset+1 IVR-HIGH-2
2026-07-07,2026-07-08T06:34:40+08:00,swing,bullish,NUE,227.4199981689453,93.12655946735052,high,1.0,neutral,5.0,27.25671516213069,-10.382272520155,31.58174368049153,,,,,,,4.0,SKIP,RSI-reset+1 IVR-HIGH-2
2026-07-07,2026-07-08T06:34:40+08:00,swing,bullish,NVDA,196.92999267578125,64.76365237501662,high,1.0,weak,0.0,33.461205372837085,-3.983429149003004,10.572704057809656,,,,,,,1.0,SKIP,HL-zone+2 RSI-reset+1 IVR-HIGH-2
2026-07-07,2026-07-08T06:34:40+08:00,swing,bullish,NVO,49.63999938964844,18.912981984961423,low,1.0,strong,9.0,77.6595697583903,15.549349272659052,34.48929719551022,,,,,,,7.0,TRADE,RSI-OB-2
2026-07-07,2026-07-08T06:34:40+08:00,swing,bullish,NVTS,13.989999771118164,45.12479113965496,medium,1.0,neutral,3.0,20.26862290602128,-44.21850154036655,63.24387712134121,,,,,,,3.0,WATCH,RSI-reset+1 IVR-MED-1
2026-07-07,2026-07-08T06:34:40+08:00,swing,bullish,PLTR,134.3699951171875,63.68224509693881,high,1.0,neutral,5.0,49.688291581033,-0.8559017727126084,-10.461792124199842,,,,,,,4.0,SKIP,RSI-reset+1 IVR-HIGH-2
2026-07-07,2026-07-08T06:34:40+08:00,swing,bullish,QQQ,709.4299926757812,100.0,high,1.0,neutral,3.0,39.559998097060486,0.7303825228862637,20.662869737823808,,,,,,,4.0,SKIP,HL-zone+2 RSI-reset+1 IVR-HIGH-2
2026-07-07,2026-07-08T06:34:40+08:00,swing,bullish,RCL,282.260009765625,48.01042791390483,medium,1.0,neutral,5.0,31.88372838837749,0.8071463448660721,5.434992631938562,,,,,,,5.0,WATCH,RSI-reset+1 IVR-MED-1
2026-07-07,2026-07-08T06:34:40+08:00,swing,bullish,SMCI,26.25,89.50769155251065,high,1.0,weak,0.0,39.69533862577056,-36.95965325464039,15.791794934529646,,,,,,,-1.0,SKIP,RSI-reset+1 IVR-HIGH-2
2026-07-07,2026-07-08T06:34:40+08:00,swing,bullish,SPY,747.7100219726562,83.7168201331173,high,1.0,neutral,4.0,46.36355456917494,1.6387084077548408,13.715658523336227,,,,,,,5.0,SKIP,HL-zone+2 RSI-reset+1 IVR-HIGH-2
2026-07-07,2026-07-08T06:34:40+08:00,swing,bullish,STX,827.6400146484375,93.60985774486504,high,1.0,moderate,6.0,35.08708083476007,-2.270268478215043,76.70041053362205,,,,,,,7.0,SKIP,HL-zone+2 RSI-reset+1 IVR-HIGH-2
2026-07-07,2026-07-08T06:34:40+08:00,swing,bullish,TSLA,402.8999938964844,100.0,high,1.0,weak,0.0,47.69023898357391,3.04347669986813,16.22674195597915,,,,,,,-1.0,SKIP,RSI-reset+1 IVR-HIGH-2
2026-07-07,2026-07-08T06:34:40+08:00,swing,bullish,TSM,432.5700073242188,100.0,high,1.0,strong,9.0,48.05583981798842,4.435054219169254,25.559772341398613,,,,,,,10.0,SKIP,HL-zone+2 RSI-reset+1 IVR-HIGH-2
2026-07-07,2026-07-08T06:34:40+08:00,swing,bullish,V,352.20001220703125,43.76757374510245,medium,1.0,strong,9.0,71.93199345310812,8.848163993804615,16.65184877911119,,,,,,,7.0,OVERRIDE,RSI-ext-1 IVR-MED-1
2026-07-07,2026-07-08T06:34:40+08:00,swing,bullish,VRT,305.5799865722656,91.10120083043296,high,1.0,neutral,3.0,48.67138007467912,1.708277366200961,16.524431129613482,,,,,,,2.0,SKIP,RSI-reset+1 IVR-HIGH-2
2026-07-07,2026-07-08T06:34:40+08:00,swing,bullish,VST,155.72999572753906,31.218209103170857,medium,1.0,moderate,8.0,52.49531570837858,4.83200607755061,1.4758557480611278,,,,,,,8.0,OVERRIDE,RSI-reset+1 IVR-MED-1
2026-07-07,2026-07-08T06:34:40+08:00,swing,bullish,WDC,532.0999755859375,100.0,high,1.0,moderate,6.0,39.49076057880765,3.982641740916537,70.61119857341369,,,,,,,5.0,SKIP,RSI-reset+1 IVR-HIGH-2
2026-07-08,2026-07-09T00:25:58+08:00,momentum,call,AAPL,311.260009765625,,,,,,58.301115661582095,,,0.38039516172620547,96.9107864396603,2.7991888460988115,7.568435693502917,1.3991557092716589,8.0,,call,ATR2.8%+1 vol1.4x+2 5d+8%+2 @20dHi+2 RSImom+1
2026-07-08,2026-07-09T00:25:58+08:00,momentum,call,AMZN,241.5050048828125,,,,,,46.41975836796285,,,0.359185175711355,61.85360738289882,3.4477234701505823,1.327938488525815,1.435471713662634,4.0,,call,ATR3.4%+1 vol1.4x+2 nrHi+1
2026-07-08,2026-07-09T00:25:58+08:00,momentum,call,ANET,174.91000366210938,,,,,,53.92849702599434,,,0.6273667768342582,76.2250068093098,5.932192638229207,2.960912782388192,0.8536311548621619,5.0,,call,ATR5.9%+2 5d+3%+1 @20dHi+2
2026-07-08,2026-07-09T00:25:58+08:00,momentum,call,AVGO,390.7349853515625,,,,,,54.85206418603652,,,0.5339334087464911,56.59970060566846,4.237817286850543,3.4374547588517546,0.937381881389232,3.0,,call,ATR4.2%+2 5d+3%+1
2026-07-08,2026-07-09T00:25:58+08:00,momentum,call,AXP,338.6300048828125,,,,,,48.80337308883268,,,0.25761224022765067,36.83331609442397,2.3950162546808125,0.38639282081958104,0.9787059935763697,0.0,,call,
2026-07-08,2026-07-09T00:25:58+08:00,momentum,call,COIN,159.77499389648438,,,,,,43.775802664542404,,,0.6259167625711846,29.99411867133569,6.6240473804297135,9.292695278887543,0.8866900981321455,4.0,,call,ATR6.6%+2 5d+9%+2
2026-07-08,2026-07-09T00:25:58+08:00,momentum,call,GS,1018.875,,,,,,31.814372997909786,,,0.31849543993501644,58.23223446428728,3.021680211236132,0.7420632329460108,0.9331939736459349,1.0,,call,ATR3.0%+1
2026-07-08,2026-07-09T00:25:58+08:00,momentum,call,HIMS,34.95000076293945,,,,,,59.49782169723856,,,0.8632280010968268,36.257097260374735,7.9239750576028625,0.8076221770468628,0.753496413822026,3.0,,call,ATR7.9%+2 RSImom+1
2026-07-08,2026-07-09T00:25:58+08:00,momentum,call,HLT,333.69000244140625,,,,,,29.15510551848719,,,0.1759019172594992,19.621477247557003,2.273495731239097,0.9774287568385498,1.5698713991736228,2.0,,call,vol1.6x+2
2026-07-08,2026-07-09T00:25:58+08:00,momentum,call,LLY,1231.56494140625,,,,,,70.27264352585077,,,0.3344701260740385,33.42641082619423,3.2578176528110023,2.679179798429243,0.988945614189121,5.0,,call,ATR3.3%+1 5d+3%+1 @20dHi+2 RSImom+1
2026-07-08,2026-07-09T00:25:58+08:00,momentum,call,MA,519.3400268554688,,,,,,58.69462407857195,,,0.24700838205953177,56.622671598203645,2.5768026963603297,1.1176112816171369,1.0615463621081747,3.0,,call,ATR2.6%+1 nrHi+1 RSImom+1
2026-07-08,2026-07-09T00:25:58+08:00,momentum,call,MAR,372.1499938964844,,,,,,27.642273541111365,,,0.22570698472620057,28.805384771872976,2.3535027070564203,0.42094972179751444,1.0401073587481022,0.0,,call,
2026-07-08,2026-07-09T00:25:58+08:00,momentum,call,META,604.77001953125,,,,,,51.035610611186435,,,0.5113704925705177,91.8410923026041,3.803688974938013,7.36388771715244,1.061141039894587,4.0,,call,ATR3.8%+1 5d+7%+2 nrHi+1
2026-07-08,2026-07-09T00:25:58+08:00,momentum,call,MSFT,382.45001220703125,,,,,,45.00352259970806,,,0.38124163802013056,70.45406798859847,3.36925382628736,2.52802087585009,1.3568986196342296,4.0,,call,ATR3.4%+1 vol1.4x+2 5d+3%+1
2026-07-08,2026-07-09T00:25:58+08:00,momentum,call,NFLX,75.90499877929688,,,,,,43.68691932586192,,,0.4143950232735273,58.057974272983984,3.5326106778068875,6.309519827930443,1.130767287201512,4.0,,call,ATR3.5%+1 vol1.1x+1 5d+6%+2
2026-07-08,2026-07-09T00:25:58+08:00,momentum,call,NUE,225.33999633789062,,,,,,26.545868171707497,,,0.38298046490969173,88.38123318602726,3.515698429742157,1.162736852027213,1.0018927821980441,1.0,,call,ATR3.5%+1
2026-07-08,2026-07-09T00:25:58+08:00,momentum,call,NVO,49.14500045776367,,,,,,76.73195938670335,,,0.3106989491311452,10.467695939662393,2.9721677077582314,2.5135625064105493,0.8197617947274541,3.0,,call,ATR3.0%+1 5d+3%+1 nrHi+1
2026-07-08,2026-07-09T00:25:58+08:00,momentum,call,PLTR,129.125,,,,,,46.46378035505039,,,0.5980874771160346,69.91002629681434,5.435054052619581,10.675411010994518,1.1254399048015629,5.0,,call,ATR5.4%+2 vol1.1x+1 5d+11%+2
2026-07-08,2026-07-09T00:25:58+08:00,momentum,call,V,347.3949890136719,,,,,,61.85531318699979,,,0.2313844140191154,48.31753808907225,2.5059982814884476,1.2547706787526147,1.1170127106869667,3.0,,call,ATR2.5%+1 vol1.1x+1 RSImom+1
2026-07-08,2026-07-09T00:25:58+08:00,momentum,put,ASML,1763.1600341796875,,,,,,47.92623548905565,,,0.7227948616574847,89.39777026745203,5.759868967667992,-11.374050682154035,1.1240094589729748,6.0,,put,ATR5.8%+2 vol1.1x+1 5d-11%+2 nrLo+1
2026-07-08,2026-07-09T00:25:58+08:00,momentum,put,BKNG,173.1999969482422,,,,,,47.708252212567444,,,0.45167152439812375,68.71902027682302,4.010226686280915,-2.827652821810067,1.0860743948311902,3.0,,put,ATR4.0%+2 5d-3%+1
2026-07-08,2026-07-09T00:25:58+08:00,momentum,put,CAT,934.5750122070312,,,,,,48.81091446371802,,,0.6065297547259094,97.98481269761801,5.029404940576365,-12.238239197969747,1.3664713456705506,6.0,,put,ATR5.0%+2 vol1.4x+2 5d-12%+2
2026-07-08,2026-07-09T00:25:58+08:00,momentum,put,CEG,240.75,,,,,,29.42773622802818,,,0.3925544105277792,44.47573187953191,4.099597260322791,-3.0680014764231878,1.0134733436495136,5.0,,put,ATR4.1%+2 5d-3%+1 nrLo+1 RSImom+1
2026-07-08,2026-07-09T00:25:58+08:00,momentum,put,COHR,309.4100036621094,,,,,,35.39129533736663,,,0.9925964563605351,79.91147895924851,11.23567058420251,-21.56310931005455,0.8205441212794323,7.0,,put,ATR11.2%+2 5d-22%+2 @20dLo+2 RSImom+1
2026-07-08,2026-07-09T00:25:58+08:00,momentum,put,CRDO,253.58999633789062,,,,,,52.97936659269574,,,1.1751703792061097,97.06709973946877,11.92841860257296,-6.751246569227376,1.2377441383102814,5.0,,put,ATR11.9%+2 vol1.2x+1 5d-7%+2
2026-07-08,2026-07-09T00:25:58+08:00,momentum,put,DELL,427.8599853515625,,,,,,56.36373347393241,,,0.5922103015617256,31.26482189252866,7.746191767803999,-0.8343777348566617,0.8433967763648473,2.0,,put,ATR7.7%+2
2026-07-08,2026-07-09T00:25:58+08:00,momentum,put,FCX,56.779998779296875,,,,,,16.288448028169128,,,0.49832543453359074,45.53056561386721,4.618077158353187,-9.715377118221525,1.0932776638776238,5.0,,put,ATR4.6%+2 5d-10%+2 @20dLo+2 RSIexh-1
2026-07-08,2026-07-09T00:25:58+08:00,momentum,put,MPWR,1301.2950439453125,,,,,,37.340754977134324,,,0.8165421080617256,86.31260508536144,7.476847292197881,-5.864242474121784,1.4538659956186208,8.0,,put,ATR7.5%+2 vol1.5x+2 5d-6%+2 nrLo+1 RSImom+1
2026-07-08,2026-07-09T00:25:58+08:00,momentum,put,MRVL,228.63999938964844,,,,,,37.05026489402382,,,1.0878422839801658,61.62240501022552,11.02231903943993,-23.246840059582475,0.7344260233580294,7.0,,put,ATR11.0%+2 5d-23%+2 @20dLo+2 RSImom+1
2026-07-08,2026-07-09T00:25:58+08:00,momentum,put,MU,934.9099731445312,,,,,,45.01504687186331,,,1.1844216350517378,83.84372777266141,10.923973229589027,-18.993171498409755,1.0464552480820917,4.0,,put,ATR10.9%+2 5d-19%+2
2026-07-08,2026-07-09T00:25:58+08:00,momentum,put,NBIS,202.75250244140625,,,,,,33.79679610070431,,,1.0876636776378592,51.379241515954234,13.93105838965765,-26.58417185671005,0.9327019721063807,6.0,,put,ATR13.9%+2 5d-27%+2 nrLo+1 RSImom+1
2026-07-08,2026-07-09T00:25:58+08:00,momentum,put,NVDA,199.4600067138672,,,,,,41.049320467074736,,,0.3358036945271691,43.691004138349356,3.1615719832983684,-0.3148531338666105,0.854960192465759,3.0,,put,ATR3.2%+1 nrLo+1 RSImom+1
2026-07-08,2026-07-09T00:25:58+08:00,momentum,put,NVTS,12.829999923706055,,,,,,20.880505219417046,,,1.1194206147916412,47.16868171778481,14.632558235351024,-28.40401858770839,0.6217555871777576,5.0,,put,ATR14.6%+2 5d-28%+2 @20dLo+2 RSIexh-1
2026-07-08,2026-07-09T00:25:58+08:00,momentum,put,QQQ,706.3599853515625,,,,,,42.46383971578375,,,0.3071848943442105,83.98089903979785,2.3264421097790406,-4.079309894972127,0.9505041436260043,3.0,,put,5d-4%+1 nrLo+1 RSImom+1
2026-07-08,2026-07-09T00:25:58+08:00,momentum,put,RCL,278.95001220703125,,,,,,30.996983835645224,,,0.5324828821077529,57.13712235227245,4.9166494202856015,-12.15002888564275,0.8829522796425251,6.0,,put,ATR4.9%+2 5d-12%+2 nrLo+1 RSImom+1
2026-07-08,2026-07-09T00:25:58+08:00,momentum,put,SMCI,26.790000915527344,,,,,,44.27696969255926,,,1.4964473778058422,87.04375083309796,9.123871493058992,-8.66007164945728,0.8603909825971281,6.0,,put,ATR9.1%+2 5d-9%+2 nrLo+1 RSImom+1
2026-07-08,2026-07-09T00:25:58+08:00,momentum,put,SPY,742.7550048828125,,,,,,46.061805644234454,,,0.1599887831093636,69.95599997230299,1.3461538528961952,-0.5376507550420628,0.9672134728493476,1.0,,put,nrLo+1
2026-07-08,2026-07-09T00:25:58+08:00,momentum,put,STX,823.4354858398438,,,,,,33.56215365920583,,,0.9599179227871011,92.80915857346278,10.739318779891915,-14.669897840430702,1.063616295506826,7.0,,put,ATR10.7%+2 5d-15%+2 @20dLo+2 RSImom+1
2026-07-08,2026-07-09T00:25:58+08:00,momentum,put,TSLA,393.69989013671875,,,,,,46.97735454537651,,,0.6239428869936882,88.04242034354581,5.164012178863555,-6.395652776138183,0.8952976363914973,4.0,,put,ATR5.2%+2 5d-6%+2
2026-07-08,2026-07-09T00:25:58+08:00,momentum,put,TSM,434.80999755859375,,,,,,52.10048930064401,,,0.6335124620566176,91.21473885280864,5.3379647810219595,-8.953663150918011,1.0370956832555822,4.0,,put,ATR5.3%+2 5d-9%+2
2026-07-08,2026-07-09T00:25:58+08:00,momentum,put,VRT,311.8999938964844,,,,,,52.639935317831586,,,0.8791340948550413,89.71287482734941,8.050429778167969,-6.8454730680237,1.1917057777101752,5.0,,put,ATR8.1%+2 vol1.2x+1 5d-7%+2
2026-07-08,2026-07-09T00:25:58+08:00,momentum,put,VST,152.16000366210938,,,,,,43.38436583133895,,,0.46829134061587924,38.81459150377058,4.551365594980509,-4.078674287051065,0.7474879511581307,4.0,,put,ATR4.6%+2 5d-4%+1 RSImom+1
2026-07-08,2026-07-09T00:25:58+08:00,momentum,put,WDC,532.8800048828125,,,,,,36.550747214251935,,,1.2157343958522888,95.95910151465962,12.374869798616515,-16.57063669135008,1.1770591646389108,6.0,,put,ATR12.4%+2 vol1.2x+1 5d-17%+2 RSImom+1
